y_train;y_train_pred;y_train_pred_proba
1;1;0.26043225051570296
1;1;0.07983709521458893
1;1;0.09979920713035628
0;1;0.06918772616615021
1;1;0.48635497532206184
1;1;0.2012842618778743
1;1;0.3416736435414054
1;1;0.10416443901275385
1;0;0.8823144644096296
1;1;0.11105336961218415
0;0;0.6584598568906029
0;0;0.6801988679046782
1;1;0.07946534172562403
1;1;0.30324428473076837
0;0;0.726278209853454
0;0;0.9553059149920786
1;1;0.43080155271285003
0;0;0.908990384090919
1;1;0.16438110005852546
0;0;0.6873438737803039
0;0;0.956164050796714
0;0;0.6777096626881838
0;0;0.8408481462023064
1;1;0.4215163278843005
0;0;0.9580634798033232
0;1;0.28342925943287056
1;1;0.11155498964211896
1;1;0.13829326877951564
1;0;0.8653702347036138
0;0;0.9162435466068829
0;0;0.5936098442632718
0;0;0.7169600522659748
1;1;0.10333921672909552
1;1;0.28601118024345573
0;0;0.7832148362836139
1;1;0.19872798911093192
0;0;0.53795921050435
1;1;0.05050298171960166
1;1;0.15980856171221092
0;0;0.5997977779706136
0;1;0.4937122696957784
0;0;0.9166318967113366
0;0;0.7927321384936912
1;1;0.2806954910593472
0;0;0.6372217176809627
1;1;0.32698792366247453
1;1;0.05047259332055376
1;1;0.05691810173185552
1;1;0.13844328636853087
1;1;0.45956978814293026
0;0;0.8204355078963348
0;1;0.2649202028003269
0;0;0.9781967045944113
1;1;0.4838216349957831
1;0;0.5972746420795063
0;0;0.9747181194198377
0;0;0.9173075722419569
1;1;0.15923884042100456
0;1;0.2847184581088117
0;0;0.6851424108410191
0;0;0.9559510022262773
0;0;0.9474168091163262
1;1;0.07845116195224122
1;1;0.05671428482523844
0;0;0.6782632370892436
0;0;0.7434434650968079
0;0;0.9557369661444302
0;0;0.5960542276737554
1;1;0.45642266564736356
0;0;0.7412610981664487
1;0;0.7892801221826026
0;0;0.8177558088941779
1;0;0.6218782435904193
0;1;0.027058925192075645
0;1;0.33090586372286523
1;1;0.16525367863708418
0;0;0.5370137050822867
1;1;0.3453904666006071
0;0;0.8723333867923436
0;1;0.02656274692344629
1;1;0.10163643220121144
1;0;0.7897015264399292
1;1;0.3428152371825477
0;0;0.8564836017892403
1;1;0.250549075239456
0;0;0.7516981680441013
1;1;0.46082955484622246
1;1;0.44570530619673243
1;1;0.14042202128916415
1;1;0.19691732711173726
0;1;0.1653022085930319
1;1;0.20291978622582119
1;1;0.44033642284801766
1;0;0.7603250489676945
1;0;0.7596312657090548
1;1;0.4703763296399954
0;0;0.6752124174843683
1;0;0.6192694997542002
1;1;0.3011056109065846
1;1;0.11168070384530615
0;0;0.9579104008033106
0;1;0.45768111143233525
0;0;0.599188977549177
0;1;0.4956137515005834
1;0;0.591963582324293
0;0;0.9054963251135966
1;0;0.9284305015579231
0;0;0.7117918205837188
0;0;0.8158587731800949
0;0;0.7591679815051262
0;0;0.5240500782231785
1;1;0.44733578348086744
0;0;0.7918976629667889
0;0;0.8261342924983219
0;1;0.28497672102774796
1;0;0.6360485930508717
0;0;0.8222956636012809
1;1;0.28249080494814705
0;0;0.9781696486577938
0;0;0.6807501808596196
0;0;0.6378076688871122
1;1;0.14011509915722486
0;0;0.5957489376627447
1;1;0.1402679170908756
0;0;0.5689985808734925
1;1;0.13874713729532628
1;1;0.1035744025028098
1;1;0.15878983902942623
0;0;0.679368884164099
1;0;0.6147757116835554
0;0;0.7589361109007927
0;0;0.5243662853633467
1;1;0.44670899979862333
0;0;0.6810256479869261
1;1;0.15963840781912075
1;1;0.07891067651499928
1;1;0.11005604905325483
0;1;0.2612334711751957
1;1;0.436792641138137
0;0;0.9104712876478648
1;1;0.43332215419854914
1;1;0.07980434801798786
1;1;0.3995672605807512
1;1;0.30270881215078005
1;1;0.2643581963676963
0;0;0.7728710408761192
0;0;0.9558975859453631
0;0;0.9580125127150723
0;1;0.42602001281426183
0;1;0.264426720638101
0;0;0.9554140514426789
0;0;0.6181294587703887
1;0;0.6198671494820683
1;1;0.10014142264015136
1;1;0.322816760783429
1;0;0.5907381015970521
1;1;0.34567716724711617
1;1;0.16014931006043498
0;0;0.7959902284369139
1;1;0.10175224906504188
1;1;0.29917737010582357
0;0;0.7182446444896402
1;1;0.4463956713477405
0;1;0.42729562960427137
0;0;0.7836450451773225
0;0;0.9781154382752162
1;0;0.7765696175829118
0;0;0.6843213551877709
1;1;0.33320918224247387
0;1;0.14895893242376024
0;0;0.957756787663661
1;1;0.2529371985123261
1;1;0.07863467328026064
0;0;0.9737818048178349
0;1;0.3233713074750194
0;0;0.9560043567877992
0;0;0.9576540813283885
1;1;0.05761142388432583
0;0;0.9562702060462441
1;1;0.3178483848510735
0;0;0.9376463252424605
0;0;0.820808751931118
1;1;0.3029764815638797
0;0;0.5246824729678108
0;0;0.5382743186494199
1;1;0.19772052432082543
0;0;0.7554649266656973
0;0;0.8425374265922533
1;1;0.49878314265722146
1;1;0.3005081601506492
0;0;0.6969176296324626
1;1;0.3034477409003892
1;1;0.10345675049757896
1;1;0.07928005865466148
0;1;0.06821435643527418
1;1;0.07881857715976748
0;0;0.5975795581828043
0;0;0.6953084918775361
1;1;0.05651115402900364
1;1;0.3413885309350678
0;0;0.9556833023438935
0;1;0.4946629912993029
0;0;0.8221103299074128
0;1;0.45925492654573896
0;0;0.5259470229844885
1;0;0.5922697745416732
1;0;0.7410178684341571
1;1;0.32198587494361464
1;1;0.1015207322638817
1;1;0.4029176826896187
1;1;0.13904927262393174
0;0;0.7853596965500391
0;0;0.7188416077963846
1;1;0.20230530638464062
0;0;0.9779520163147672
0;0;0.9682966157383566
1;1;0.3264301669861951
0;0;0.6790926604541621
1;1;0.4353436432792074
0;0;0.9075113499572056
0;0;0.8399980107842921
0;0;0.5945270385283599
0;0;0.905821290991814
0;0;0.7197814689513604
1;1;0.16094353671977624
0;1;0.2702451152120747
0;1;0.2639338276570097
0;0;0.7860001394825529
0;0;0.8169988231480402
0;1;0.42540010661744676
1;1;0.4435776607266666
0;0;0.9793149999604619
1;1;0.16077240561736095
0;0;0.8558221587255408
1;1;0.2789071517759958
0;0;0.8185103589508375
0;0;0.8135800851556254
0;0;0.9673149305271274
1;1;0.07955813155400104
0;0;0.8198745036100965
0;0;0.6381004910751331
0;0;0.744409527511055
1;1;0.27839748288544264
1;1;0.29970928082707005
1;1;0.32531612695178636
0;0;0.7946006637968313
0;1;0.1520145481193219
1;1;0.19531832728040777
1;1;0.30083888096537836
0;0;0.7514614600710547
0;0;0.8154775365099176
0;0;0.9575511363496595
1;1;0.4554791953734333
0;0;0.8569504802018575
0;0;0.59666458444007
0;0;0.8181333882547716
0;0;0.7528794417009316
1;1;0.24733597168634935
0;0;0.983134940629658
1;1;0.15828245636091265
0;0;0.9781425598973807
0;0;0.9279233997996087
0;1;0.46948767327624474
1;1;0.2822339056560278
1;0;0.9346808441041705
1;1;0.4035278348346655
0;1;0.3258729010353991
0;0;0.9495308150589838
1;1;0.1405739713895252
1;1;0.1967169130419648
0;1;0.30515775853669014
1;1;0.43690252776867067
1;1;0.05719092834814199
0;0;0.9171150321444067
1;1;0.05719981978686939
0;0;0.8666702742102357
0;0;0.9088854485313813
1;1;0.3003058251834342
1;1;0.26312727469356667
1;1;0.13859457481159576
0;0;0.6947710472874375
0;0;0.9078300921496625
1;1;0.05617412196978455
0;0;0.6848688538408321
1;1;0.2534166256921708
1;1;0.4013936200197631
1;1;0.26239049285170835
0;0;0.5234176063452465
0;0;0.6300182968377953
0;0;0.7203764437982314
1;1;0.4850882093726252
0;0;0.7492996117534994
0;0;0.7441682360015756
0;0;0.8351634773298687
1;1;0.47935700881984356
1;1;0.1595786047172283
0;0;0.8563276940166953
1;1;0.27967272695744816
1;0;0.8346905536124519
1;0;0.5925758951309145
1;1;0.33124034271848024
0;0;0.8289731120110526
1;1;0.33808914520321454
0;1;0.4241609995004795
1;0;0.7258619647123135
0;0;0.6768783656075396
0;0;0.9117907479913974
0;0;0.7939792133490287
1;1;0.05678214746091392
0;1;0.3283844547381384
1;1;0.39926313718543205
0;0;0.9077606441217599
1;1;0.05698619351534906
0;0;0.956110881008983
1;1;0.27228759987743734
1;1;0.25970035540580905
0;0;0.6766010176740063
0;0;0.751224601123489
1;1;0.3998714614331551
0;0;0.6621005622761158
0;0;0.877350107902376
1;0;0.6598012556605455
1;0;0.9342354931428007
1;0;0.5937996567937492
1;0;0.5034573359748222
0;0;0.9052489168813336
0;0;0.9563231916357988
0;0;0.9581143877293878
1;1;0.2498355722268002
0;0;0.6576358274217291
1;1;0.08092873469578798
1;1;0.0799302814388908
1;1;0.14057511924551191
0;0;0.9049221833137556
1;1;0.15862056503083422
0;0;0.7827840090631302
0;0;0.5748494532374147
0;1;0.026694189140965663
1;1;0.299443257843078
0;0;0.647108471413441
1;0;0.6757682291043297
0;0;0.5933039673615879
1;1;0.3422442120401087
1;0;0.5448484519604546
0;1;0.0688618494282296
1;0;0.5721383351767955
0;0;0.5363832198023257
0;0;0.8416946158843857
0;0;0.7172172541326703
1;0;0.7953718995306281
1;1;0.4390870552043262
0;0;0.8672551775062451
1;0;0.5904315545585878
1;0;0.835686407047449
0;0;0.6482656607731085
1;1;0.2033302117647776
1;1;0.31977568627945363
0;0;0.7587040880098528
1;1;0.42120721780906445
1;1;0.0801169518959618
0;0;0.6961136608814196
1;1;0.4949971497722019
1;1;0.16385933166200195
0;0;0.7424750144326286
1;1;0.08083448669995141
1;1;0.3366720315133276
0;0;0.820995146406508
1;0;0.7610134813833157
0;0;0.9139656821683362
0;0;0.7533508927639181
0;1;0.15103657806864168
0;0;0.9159512061273443
1;1;0.33441075479587823
1;1;0.1402690628556732
1;1;0.14072835679252482
0;0;0.8341136118193785
1;1;0.45610814047149795
1;1;0.11055372450035739
0;0;0.7202926046848394
0;0;0.661872958029531
1;1;0.056308707346315656
1;0;0.8236796597158942
0;0;0.66223603897246
0;0;0.5939156485714632
1;1;0.3377798695535257
1;1;0.13889870425004258
0;1;0.43953596829540886
0;0;0.7417471113272867
0;0;0.7825683635970283
1;1;0.19631654706605683
0;1;0.06869944458376032
0;0;0.8342889606606939
0;0;0.5711736353799046
0;0;0.6966497736033596
0;0;0.6796449822738573
1;0;0.6601684866602634
1;0;0.8194997415266583
1;1;0.05739635396442144
1;1;0.20006410287395415
1;1;0.43596704546348575
0;0;0.8036409849296662
0;0;0.8196871985138189
0;0;0.7328795883015249
0;0;0.6832248229185036
1;0;0.6183723476769434
0;0;0.8574160926421851
0;0;0.8422007409495873
1;1;0.33490140684989145
0;0;0.9055746447953541
0;1;0.4238513710078037
1;1;0.27379747362948625
1;1;0.15940864921368636
0;0;0.5224687583211441
0;0;0.8328820060514971
0;1;0.26245868904633385
1;1;0.31894894113522265
1;1;0.32309397194194844
0;0;0.803678348731528
1;1;0.4438905971794229
1;1;0.1038100615587132
1;0;0.588897769334178
0;1;0.46106826892250274
1;1;0.05685008640508593
1;1;0.057054361829736555
1;1;0.08074033882109932
1;1;0.1661299682276518
0;0;0.7185011373564603
1;1;0.4825552684304599
0;1;0.14799718949468188
1;1;0.1401162438771706
1;1;0.4860382667632146
1;1;0.4586253011823911
1;1;0.08027109824586065
1;1;0.40474903311270305
0;1;0.4949799074172736
1;1;0.20312492175766095
0;0;0.8219248447816587
1;0;0.8688524626823592
0;0;0.9554680260909667
0;0;0.5963594433388879
1;1;0.25994417200978825
0;0;0.7552306403028354
1;1;0.13844441962908338
0;0;0.6511510029268718
0;0;0.8398275432236165
0;0;0.8038783046016241
0;0;0.957237031637502
1;1;0.33497536614290846
0;0;0.6465292280999873
0;0;0.8393152586330799
0;0;0.6950398360298466
0;0;0.6488436040730869
0;0;0.9071916181764279
1;1;0.32880462127562393
1;1;0.1657790066833963
0;0;0.8560154556248054
1;1;0.4451427858185112
1;1;0.10140514916893473
0;0;0.9045944418023414
0;0;0.6627236236824017
1;1;0.4713239479293345
0;0;0.9826044651178901
1;1;0.30190660758049803
0;0;0.7439267950590925
0;0;0.6788163112805123
1;1;0.2801838239815321
0;0;0.9174997053072401
0;0;0.6476872827630203
1;1;0.15946840070910495
1;1;0.10071409957508382
1;1;0.11067845091687156
0;1;0.026464578620605583
1;1;0.2468642444138781
1;1;0.48698842505908313
1;0;0.8230354847930019
1;1;0.10392806877696337
1;1;0.0269922510745072
0;0;0.8685632660503413
0;0;0.8042777543308601
0;0;0.9086752507759234
1;1;0.11218479989613928
1;1;0.3206035656101959
1;1;0.2628815330201504
0;0;0.634579910711569
0;1;0.06837569872935989
0;0;0.9080420383053971
1;0;0.6162758592238942
1;1;0.3222627121457633
0;1;0.4244706875396692
0;1;0.32170916267001204
1;1;0.26190004401330136
1;1;0.4378384591845782
1;1;0.32615147259862176
1;1;0.4038330229827224
0;0;0.91568504891398
0;0;0.8030775568929881
0;0;0.9578592558553403
1;1;0.05657878818326556
0;1;0.1420248069480694
0;0;0.7429595380708469
1;1;0.4381505350109751
0;0;0.9555757885564483
1;1;0.3369552203636872
1;1;0.47986856082595886
0;1;0.02679318572552658
0;0;0.7526434892807057
1;1;0.263619200896836
1;1;0.3357491171287741
1;1;0.3459639801018256
1;1;0.10440128420566008
0;0;0.8802555550897516
0;0;0.8217392081876281
1;0;0.7053983521396778
0;0;0.5398493957129867
1;1;0.28274784596351354
1;0;0.6141750395880055
1;1;0.20374125524213071
0;0;0.9675545799066527
0;0;0.720803169722992
1;1;0.2794173924308273
1;1;0.4010890351110099
1;1;0.3343368574911596
0;0;0.7838599177359223
1;1;0.2510254968695913
1;1;0.2616550415012504
0;1;0.042149460574951725
0;0;0.8156682311312905
1;1;0.43503201870721
1;1;0.4706921790142846
0;0;0.5686876393373774
0;1;0.2361314049486053
1;1;0.1399635642856879
0;0;0.9495308150592128
0;0;0.6038506371006889
0;0;0.9081478470461983
0;0;0.5208869879031939
1;1;0.4570518200178598
0;0;0.9735662132989384
1;1;0.298911617725761
0;0;0.9230171220248883
0;0;0.693155530648225
1;0;0.5910445781146375
0;0;0.9172113531143327
1;1;0.34424478938102576
1;1;0.08064629097534004
0;1;0.014784523875930988
0;0;0.9584185963546671
0;0;0.8030372786908765
0;0;0.7957842733265883
0;1;0.2602559628252713
1;1;0.1599788624416013
1;1;0.3031798362391227
1;1;0.4457691424423944
1;0;0.6087021640861923
1;1;0.1579449330982693
0;0;0.9754830879023139
1;1;0.13950522060621984
0;0;0.7167027088673918
1;1;0.30217387504480986
1;0;0.8597106625315064
0;0;0.595138135476289
1;1;0.1787551137273704
1;1;0.3000394995666368
1;1;0.14072720789016124
0;1;0.49688147992735265
0;0;0.7931484485303002
0;0;0.5671321239812901
0;1;0.3200515202160601
0;0;0.6485546868473746
1;1;0.4448296727189748
1;0;0.5892046656412345
0;0;0.7524073856601787
1;0;0.5360183716448735
0;0;0.9782507181478948
1;1;0.40230783086305666
1;1;0.30163947432709237
0;1;0.2627041763184368
1;1;0.40413828555722553
1;0;0.866962997976092
0;0;0.5231013421123101
0;0;0.6479765260212782
1;1;0.4557936502978924
1;1;0.1393542384266474
1;1;0.07943273384995297
0;0;0.7500204665117525
1;1;0.06805336704136655
1;1;0.20189642535099017
0;0;0.5478781693238036
1;1;0.13920111628531717
0;0;0.7823525635697967
1;1;0.10059933201939875
1;1;0.43627882259968354
0;1;0.4943460794700345
0;0;0.8309980263239711
0;0;0.6939638848686296
1;1;0.057327801881355
0;0;0.6395630606098589
1;1;0.15991895607049256
0;0;0.9124006374723138
0;0;0.7451325048925779
0;0;0.7192697632110162
1;1;0.3383729179943281
1;1;0.4828718397017894
0;0;0.6468189036660625
0;0;0.8203178004317406
1;0;0.5929980180865226
1;1;0.1390504100443276
0;0;0.7419898946386575
0;0;0.791060713281187
0;0;0.7190136968048291
0;0;0.6497097009549648
1;1;0.3448174025897409
1;1;0.33518385893026814
0;0;0.6813009887014709
0;0;0.53644415870092
1;1;0.34338671767932816
0;0;0.7857868131449524
1;1;0.4854048835346212
0;0;0.6845951685798064
0;0;0.7845036077893345
0;0;0.9494578584644009
0;0;0.5237338517996981
1;1;0.1111785892660957
0;0;0.7847178619152648
0;0;0.7925237515505212
1;0;0.5179292744984719
0;0;0.9735868955329806
1;1;0.20169221646064472
1;1;0.41596198120171834
0;1;0.2605001175026844
0;0;0.8571058249241015
1;0;0.5882837693882873
1;1;0.44232636500199085
0;0;0.8572610290488062
0;0;0.5227850593534356
1;1;0.05050298172232226
1;1;0.4007845265822082
0;0;0.9056829976840438
1;1;0.24710003242593204
1;1;0.15845143749273805
0;0;0.6392707528264642
1;1;0.1396574814027931
1;0;0.7047822989789396
0;0;0.5383665850940844
0;0;0.8346392126910607
1;0;0.617773796964015
0;0;0.8358604205326835
0;1;0.026859381701213048
0;0;0.9090952108848789
0;0;0.9293173933926938
1;1;0.2804395863069197
1;1;0.2638653852969802
1;1;0.15760799480607035
0;1;0.06910612339946287
1;1;0.2515025204093655
1;1;0.32475984587185747
0;0;0.5954435735240723
0;0;0.904703801107927
0;0;0.6630482635961187
1;1;0.16351222638816698
0;0;0.6619453202829853
0;1;0.367732135162796
0;1;0.42695030767497955
1;1;0.1012896828321942
0;0;0.856171645317074
0;0;0.5360679334103705
1;0;0.659599403758941
0;0;0.7903324728700964
1;1;0.10048468063236937
1;1;0.4372144553243986
1;1;0.4697447023137553
0;0;0.9169220843406912
0;0;0.9779246635941887
1;1;0.460199607928096
1;0;0.8678379061797035
1;1;0.08877127013126584
0;0;0.9553600144312671
1;1;0.3358231691040301
1;1;0.196516653032356
0;0;0.9585195287422396
0;1;0.4239941273678913
0;0;0.8164294841930884
0;1;0.02672714841167345
0;0;0.5373289034718147
0;1;0.027025568143154266
0;0;0.9168254573383611
1;0;0.7262025251536854
1;0;0.6462394448880193
0;1;0.4235418022931773
1;1;0.33377278221735884
0;0;0.9495308150598446
0;0;0.5674433339555934
0;0;0.7864263282215621
0;0;0.8160491626864522
1;1;0.10428280219772723
1;1;0.1616295335170762
0;0;0.5677544907145995
0;0;0.7521711308839825
1;1;0.3360319229401515
0;0;0.6955770147131963
0;0;0.9308714446052127
1;1;0.4400240094369414
0;0;0.6610212442776451
0;0;0.6928858149520949
0;0;0.8337624682446543
1;1;0.4691131718910694
0;0;0.9749048962715183
1;1;0.03149820165373263
1;1;0.4365906501142106
1;1;0.07952548889223265
0;0;0.8213674804498982
0;0;0.8418634705259697
0;1;0.06813381766585636
1;1;0.10934138036419327
0;1;0.4247804348935411
1;1;0.3318022696597258
0;0;0.536698477109379
1;0;0.7949589075811931
0;0;0.6746561117856622
1;1;0.07937265078705646
0;0;0.8028769848146905
0;1;0.027092322266429214
0;0;0.9780882837532977
1;0;0.5250712829352984
1;1;0.2606765122961091
0;0;0.6502865515144456
1;1;0.3329275608701764
1;1;0.19731861749786173
0;1;0.026497262109579922
1;1;0.25221918343419947
1;1;0.48477154718399107
0;0;0.568376643641592
1;1;0.20108051616270683
0;0;0.516556340189648
1;1;0.07872657610934819
0;0;0.9506488436478636
0;0;0.85803494303085
0;0;0.9741946501277247
1;0;0.5981891638709602
1;1;0.3346190729859947
0;0;0.5351219022196743
1;1;0.3462509050000385
1;0;0.5926919966582975
0;0;0.907404882764413
0;0;0.7914794974084237
0;1;0.2614782187406711
1;1;0.11080330051962595
0;1;0.0812120802245353
1;1;0.19492011705608003
0;0;0.9174036896115267
0;0;0.5836529972245552
1;0;0.7901223120522917
0;1;0.4879386774027954
0;0;0.5221524392681289
0;0;0.8179446746737846
0;0;0.8578804408983356
0;0;0.97822372774515
0;0;0.786213311175755
0;0;0.9268258900219073
1;1;0.0504422222369556
1;1;0.30077472301104824
0;0;0.7540569342600543
1;1;0.4819221681489292
1;1;0.3018423202248983
0;0;0.9366718280478954
1;1;0.3363889599169386
0;0;0.660737107513792
1;1;0.3037157791127114
1;0;0.8689968582951635
0;0;0.6840474137948818
0;0;0.974902405317903
0;0;0.7955781636938599
1;1;0.24078394070800624
1;1;0.439711643532545
0;0;0.8682735283875106
0;0;0.7607868086989326
1;0;0.9701664493963781
1;1;0.42726052118063895
1;1;0.2507872107913368
1;0;0.7894909016424487
0;0;0.8202486582668758
1;1;0.11130393243441739
0;0;0.9298154293841737
0;1;0.4263300532586224
1;1;0.2999754389471109
0;0;0.9560576496940132
0;0;0.566820861028263
1;0;0.6144754192241308
0;0;0.6465740660263161
0;0;0.8681284564864757
1;1;0.2984443847062124
0;0;0.638685827713088
1;1;0.41627001040672873
0;0;0.9161462025782491
0;1;0.3225396741384968
0;0;0.8171781760185369
0;1;0.06861837526128434
1;1;0.16368570502581525
1;1;0.3214325754626661
1;0;0.9521063055012479
0;0;0.7933563716336989
1;1;0.13874600195587816
1;1;0.25245837163299434
1;1;0.30130825268877914
1;1;0.3010414205612041
0;0;0.857571015770599
0;0;0.8403385052688661
0;0;0.8152866892861037
1;1;0.43877483326031075
0;0;0.6771555891803551
0;1;0.026760147258276024
1;0;0.7575416905460599
0;0;0.7161875978355133
0;0;0.9158535535362712
1;1;0.05044222223967865
1;1;0.2992413331495647
1;1;0.05624137679935992
0;1;0.33631484635463227
1;1;0.2641117171424959
0;0;0.6926159673107675
0;0;0.5948326237380608
0;0;0.7905424790313048
0;0;0.8411871735867771
0;0;0.8731211586078094
1;1;0.33752194920666256
1;0;0.9057912391728113
0;0;0.8679832491082036
1;1;0.4395403282166628
0;1;0.49719841893605266
0;0;0.5411088860623936
1;1;0.33525784915750634
0;0;0.9039287374156032
0;0;0.7907523305380214
1;1;0.20026707686771472
1;1;0.16420702912882634
0;1;0.3275461699173683
1;0;0.6363420265289135
1;1;0.19591679719508182
1;0;0.6171748886572528
0;0;0.8124236271509042
0;0;0.8148898962142497
0;0;0.5354372743695288
0;1;0.26196815801038065
1;1;0.13965862299130005
1;1;0.08045849504759506
1;1;0.4004800946492053
1;1;0.46942892486398513
0;0;0.6918056339189931
1;0;0.6375147443617803
0;0;0.8183219496695954
1;1;0.28326235280603573
1;1;0.2601881370666115
1;1;0.24592260572295976
0;0;0.8671091557344361
0;0;0.8026762586428452
1;1;0.2517412577721012
1;0;0.8150956894301737
1;1;0.47385192226546535
0;0;0.6383932107442056
0;0;0.9558441078808947
0;0;0.7538217384988402
0;1;0.06289205048876156
0;0;0.7179880096451882
1;1;0.05725932670073075
0;0;0.8034782388347058
1;1;0.20047020518094338
1;1;0.29977330894800136
0;0;0.6398552649707617
1;0;0.5665095453331401
1;1;0.13799138270172506
0;0;0.822091528663927
1;1;0.3341286267683814
0;0;0.6754903851247275
0;0;0.6834991475292483
0;0;0.804078106462231
0;0;0.7929403708186769
0;0;0.6638562069072947
1;1;0.330344704369409
1;1;0.4044436223400416
1;1;0.15974870698506638
0;0;0.5994934161562642
0;0;0.7159298303834396
1;1;0.20087692481617492
1;1;0.050472593326986614
1;1;0.10980794830980423
1;1;0.32894391988813443
1;1;0.33236467610899567
1;1;0.08111753137413646
1;0;0.6348738485591106
0;0;0.6389783418007264
0;1;0.026925736697663627
0;1;0.10251978393409711
1;0;0.6159760056921605
0;0;0.5218361024470275
0;1;0.3242040589270093
1;0;0.5721049656879242
0;0;0.9827340114727409
0;1;0.4606428578218754
0;0;0.8558591248743848
0;0;0.7851459063000537
1;1;0.30057228568694183
0;0;0.6174743874095459
0;0;0.7612479581555988
0;0;0.7187574881574845
1;1;0.06829498342972273
1;1;0.33723852631320783
0;0;0.9051401175445415
0;0;0.7448916620111635
0;0;0.8413564674691042
0;0;0.9050312063836208
0;0;0.540164316653635
1;1;0.07900287425857044
0;0;0.5699310781678493
0;1;0.45831053791200116
1;0;0.6156760639699068
1;0;0.5895114925400594
1;1;0.4844548972224567
0;0;0.8175667908837376
0;0;0.8166194162545238
1;0;0.7577744743156511
0;0;0.906007388290045
1;1;0.16299267796654593
0;0;0.9053576044788478
1;0;0.618970539193813
1;1;0.4384626597826997
0;0;0.7829994999609454
0;0;0.8394861672007407
0;0;0.9163407879501395
0;0;0.5708630795509317
0;1;0.3426683729420724
0;0;0.9555219384407051
0;0;0.8584976085043777
0;0;0.9780066224084695
1;1;0.19852618777981523
0;0;0.9040459598557415
1;1;0.056443595887334386
0;0;0.9087804041213539
0;1;0.26221334958915443
0;0;0.9070848206114562
1;1;0.11142939919912254
0;0;0.7935641401341766
1;1;0.44764923822550184
1;1;0.2488863451605643
0;0;0.8742086115890719
1;0;0.5756890150611549
0;0;0.9783851802647233
0;0;0.9042656900572563
0;0;0.7948075048055118
0;0;0.6963817839811571
1;1;0.4020030181122516
1;1;0.139809881381316
1;1;0.3278254762769991
1;1;0.20250997854928054
0;0;0.916437926692405
0;0;0.6945021257678032
1;1;0.20148816197334884
0;0;0.8349888708398576
0;0;0.8406784125923918
0;0;0.8206222057727579
1;1;0.14134155114627622
1;0;0.5717945786826
0;0;0.6824010847536742
1;1;0.29817900639922956
0;0;0.6505748120776227
0;0;0.8581893049647826
1;0;0.6984657703102333
0;0;0.9583680420991065
1;1;0.3465379417766463
0;0;0.7059250046670456
0;1;0.4266401516232212
0;1;0.262949811341601
0;0;0.7535863913191254
1;0;0.8327054669627303
1;1;0.32950387056206376
0;0;0.9851750269204965
0;1;0.2641802004668401
0;0;0.9313593393932481
0;0;0.9031246961141397
1;1;0.32115611345896233
1;1;0.1032218011135374
1;0;0.6010144529949057
1;1;0.3431009205924159
1;1;0.20271480515965767
0;1;0.49529682756922266
0;1;0.0266283891484147
0;1;0.42199486348392923
0;0;0.570241800710168
0;1;0.026958973941033748
1;1;0.4344089237926333
1;0;0.7767097231559978
0;0;0.7704376896712595
0;0;0.5981188476438628
1;1;0.05664649842402669
0;1;0.26098887173913465
1;1;0.13039708577472242
1;1;0.10310450356702983
1;0;0.6513286829162561
0;0;0.8355122453846717
0;1;0.3250379247155277
0;0;0.9167287281566824
0;1;0.4250902413301907
0;0;0.6923459878443736
1;1;0.15811362158093067
1;1;0.4551647759448383
0;1;0.2836868167407247
0;0;0.9263104784332874
1;0;0.5916573186998189
1;1;0.13920225474698034
1;1;0.47006050398943333
0;0;0.957808051496246
1;1;0.1614578133556005
1;0;0.6598840028864369
0;1;0.32922383460762883
0;0;0.9495308150550354
0;0;0.6494211112969822
1;1;0.2006734878263038
1;1;0.46051456561971316
1;1;0.3392249336609485
0;0;0.9783314932463572
0;0;0.7195256872888136
1;1;0.26439820312148576
0;0;0.8965570566902201
0;0;0.720037108112121
1;1;0.09991316327616451
0;1;0.32810490459884245
0;0;0.9753005053661745
0;0;0.8334107298293669
0;0;0.8350989453642212
1;1;0.44702237059077865
0;0;0.6369285890268535
1;1;0.3002417320921106
0;0;0.5404792055241288
0;0;0.8217015293688312
1;1;0.4356553189439394
1;1;0.40017573952769914
0;0;0.9783583530351322
1;0;0.6195683699166294
0;0;0.8332346374378865
1;1;0.3181233338158429
0;0;0.9510045006216652
1;1;0.07918756524483728
0;1;0.4927615935636471
1;1;0.20353565625653836
1;0;0.7598626792369622
1;0;0.5424384776441808
1;1;0.3309595594358281
1;0;0.5962890230117182
0;0;0.5705524679161271
0;1;0.16630567199747925
0;1;0.026892539299380958
1;1;0.3334909227418643
0;0;0.9039359257892159
0;0;0.9784119749727733
1;1;0.16316571290866289
0;0;0.8577257985004587
1;1;0.2989755481910412
1;1;0.4823726841501399
1;1;0.4835050232380055
0;0;0.8557026530004715
0;0;0.784074635694465
1;1;0.42461349876199994
0;1;0.42323229358806147
1;1;0.2512639334253475
0;0;0.5212033765117392
0;0;0.7937717540373523
1;1;0.0805523430787991
1;1;0.05592436663698064
1;1;0.2621451944844808
1;1;0.13859570911133745
1;1;0.056376113684376006
1;1;0.16025989490667758
1;1;0.29950725343869755
0;0;0.6779865123461346
1;1;0.20394700873043403
0;0;0.9583174290532889
0;0;0.8410177331825056
1;1;0.16507886623434198
1;1;0.15710368322618196
0;0;0.834464160935223
1;1;0.2633731640073462
0;0;0.8955158600974079
0;0;0.6942330715887678
1;1;0.19571715325564643
0;0;0.538589396215264
0;0;0.9736639178960276
1;0;0.6357550583310891
1;1;0.15929854032873236
0;0;0.821181389234274
1;1;0.25317683709048566
0;0;0.6815940167936008
1;1;0.13889756787037166
1;1;0.10094398352946032
1;1;0.33894081238010776
1;0;0.76055600510054
0;0;0.5199377225492305
1;1;0.44451660341771315
1;1;0.1951191452085418
