,y_train,y_lda_train_pred,y_lda_train_pred_proba
1344,1,1,0.26043225051593766
308,1,1,0.0798370952146863
1105,1,1,0.09979920713048618
430,0,1,0.06918772616623559
966,1,1,0.48635497532209504
398,1,1,0.20128426187792314
423,1,1,0.34167364354148655
370,1,1,0.10416443901287764
54,1,0,0.8823144644097592
1197,1,1,0.11105336961224832
1000,0,0,0.6584598568906329
620,0,0,0.6801988679046455
312,1,1,0.07946534172571285
941,1,1,0.3032442847310127
1010,0,0,0.7262782098539551
560,0,0,0.9553059149920692
109,1,1,0.4308015527133975
522,0,0,0.9089903840909923
1519,1,1,0.1643811000587163
100,0,0,0.6873438737804206
544,0,0,0.9561640507967142
1216,0,0,0.6777096626884174
1438,0,0,0.8408481462023677
266,1,1,0.4215163278842926
810,0,0,0.9580634798033348
296,0,1,0.2834292594328871
1193,1,1,0.11155498964218913
461,1,1,0.13829326877957893
1026,1,0,0.8653702347038231
796,0,0,0.9162435466068942
917,0,0,0.5936098442632765
1423,0,0,0.7169600522660418
377,1,1,0.10333921672921853
286,1,1,0.2860111802434493
1503,0,0,0.7832148362837303
1108,1,1,0.1987279891110264
1398,0,0,0.5379592105046159
126,1,1,0.05050298171959122
327,1,1,0.15980856171225166
292,0,0,0.5997977779706247
597,0,1,0.4937122696959396
792,0,0,0.9166318967113479
752,0,0,0.7927321384936851
355,1,1,0.28069549105939706
1477,0,0,0.6372217176810785
209,1,1,0.32698792366258833
140,1,1,0.05047259332063336
1176,1,1,0.05691810173188172
1047,1,1,0.13844328636868308
705,1,1,0.45956978814311855
1242,0,0,0.820435507896352
1048,0,1,0.2649202028004204
570,0,0,0.978196704594409
974,1,1,0.4838216349958163
905,1,0,0.597274642079511
10,0,0,0.9747181194198486
785,0,0,0.9173075722419681
282,1,1,0.15923884042100034
291,0,1,0.28471845810880503
602,0,0,0.6851424108409374
548,0,0,0.9559510022262727
129,0,0,0.9474168091163291
323,1,1,0.07845116195232904
1179,1,1,0.05671428482526453
1214,0,0,0.678263237089477
669,0,0,0.7434434650967574
552,0,0,0.9557369661444256
909,0,0,0.5960542276737602
715,1,1,0.45642266564755174
678,0,0,0.7412610981663761
158,1,0,0.7892801221824384
626,0,0,0.8177558088941576
516,1,0,0.6218782435907919
1149,0,1,0.027058925192112615
195,0,1,0.3309058637229797
1514,1,1,0.16525367863726803
1401,0,0,0.5370137050825808
410,1,1,0.34539046660066297
96,0,0,0.8723333867922283
1164,0,1,0.026562746923479597
1089,1,1,0.10163643220133312
156,1,0,0.7897015264397746
419,1,1,0.34281523718262885
694,0,0,0.8564836017892095
477,1,1,0.25054907523954506
937,0,0,0.7516981680441261
701,1,1,0.46082955484641097
1024,1,1,0.4457053061971392
447,1,1,0.14042202128921455
1117,1,1,0.19691732711183108
178,0,1,0.1653022085930339
390,1,1,0.20291978622587947
1348,1,1,0.4403364228481078
1295,1,0,0.7603250489677469
1298,1,0,0.7596312657091178
1563,1,1,0.4703763296401432
1225,0,0,0.6752124174845904
1370,1,0,0.619269499754278
949,1,1,0.3011056109068041
1192,1,1,0.11168070384536499
813,0,0,0.9579104008033222
711,0,1,0.45768111143255175
294,0,0,0.5991889775492154
591,0,1,0.495613751500773
1274,1,0,0.5919635823245787
88,0,0,0.9054963251136803
41,1,0,0.9284305015579004
1018,0,0,0.711791820584061
636,0,0,0.8158587731800744
1300,0,0,0.7591679815051788
847,0,0,0.5240500782232118
1450,1,1,0.44733578348119685
756,0,0,0.791897662966764
164,0,0,0.8261342924988686
290,0,1,0.2849767210277646
1481,1,0,0.6360485930509876
1232,0,0,0.8222956636013063
348,1,1,0.2824908049481971
571,0,0,0.9781696486577914
618,0,0,0.680750180859562
1475,0,0,0.6378076688872278
1036,1,1,0.14011509915737852
910,0,0,0.5957489376627494
1035,1,1,0.14026791709102937
651,0,0,0.5689985808736507
458,1,1,0.13874713729537613
375,1,1,0.10357440250291183
333,1,1,0.15878983902948196
1210,0,0,0.6793688841643071
1385,1,0,0.6147757116836337
1301,0,0,0.7589361109008558
846,0,0,0.5243662853633515
1452,1,1,0.4467089997989526
617,0,0,0.6810256479868934
328,1,1,0.15963840781917682
318,1,1,0.07891067651509576
1205,1,1,0.11005604905331845
1063,0,1,0.2612334711752883
167,1,1,0.436792641138924
12,0,0,0.9104712876479388
171,1,1,0.43332215419794373
260,1,1,0.07980434801805081
899,1,1,0.3995672605809468
943,1,1,0.3027088121510001
1328,1,1,0.26435819636793334
138,0,0,0.7728710408763354
549,0,0,0.9558975859453586
811,0,0,0.9580125127150793
1073,0,1,0.4260200128143792
1050,0,1,0.2644267206381943
558,0,0,0.9554140514426791
139,0,0,0.6181294587707951
1368,1,0,0.6198671494821462
1102,1,1,0.1001414226402817
224,1,1,0.3228167607835668
1278,1,0,0.5907381015973381
409,1,1,0.34567716724719766
325,1,1,0.16014931006047572
299,0,0,0.7959902284369909
1088,1,1,0.1017522490651741
1546,1,1,0.29917737010593604
1418,0,0,0.7182446444897186
1453,1,1,0.44639567134809777
193,0,1,0.4272956296034407
1501,0,0,0.7836450451774388
573,0,0,0.9781154382752139
503,1,0,0.7765696175831374
605,0,0,0.6843213551876892
832,1,1,0.33320918224270546
3,0,1,0.14895893242393043
816,0,0,0.9577567876636773
467,1,1,0.2529371985124157
321,1,1,0.07863467328035678
5,0,0,0.9737818048178487
222,0,1,0.3233713074751574
547,0,0,0.9560043567877898
818,0,0,0.9576540813283956
39,1,1,0.057611423884351254
542,0,0,0.9562702060462396
242,1,1,0.3178483848511856
136,0,0,0.9376463252425078
1240,0,0,0.8208087519311353
942,1,1,0.30297648156409995
845,0,0,0.5246824729678439
1397,0,0,0.5382743186497139
1113,1,1,0.19772052432093767
921,0,0,0.7554649266657218
1428,0,0,0.842537426592314
581,1,1,0.4987831426574111
1541,1,1,0.300508160150762
861,0,0,0.6969176296325148
1530,1,1,0.30344774090047844
376,1,1,0.10345675049769165
314,1,1,0.07928005865474996
442,0,1,0.06821435643535867
319,1,1,0.07881857715985541
904,0,0,0.597579558182809
867,0,0,0.6953084918775402
1182,1,1,0.05651115402903595
424,1,1,0.34138853093512345
553,0,0,0.9556833023438841
594,0,1,0.4946629912994924
1233,0,0,0.82211032990743
706,0,1,0.4592549265459275
841,0,0,0.5259470229844933
1273,1,0,0.5922697745419588
679,1,0,0.7410178684341062
227,1,1,0.32198587494372755
1090,1,1,0.10152073226401359
888,1,1,0.4029176826898422
1043,1,1,0.13904927262408429
1493,0,0,0.7853596965501355
66,0,0,0.7188416077965437
393,1,1,0.20230530638468047
579,0,0,0.9779520163147674
24,0,0,0.9682966157383949
211,1,1,0.3264301669863089
1211,0,0,0.6790926604543828
1364,1,1,0.43534364327928343
536,0,0,0.90751134995728
1443,0,0,0.8399980107843538
914,0,0,0.5945270385283646
85,0,0,0.9058212909918877
1412,0,0,0.719781468951427
272,1,1,0.1609435367197718
1004,0,1,0.27024511521247785
1052,0,1,0.26393382765710294
1490,0,0,0.786000139482649
630,0,0,0.8169988231480027
1075,0,1,0.425400106617564
1462,1,1,0.44357766072699545
505,0,0,0.9793149999604938
273,1,1,0.16077240561735662
1013,0,0,0.8558221587257344
362,1,1,0.2789071517760454
622,0,0,0.8185103589508171
2,0,0,0.8135800851559178
6,0,0,0.9673149305271741
311,1,1,0.0795581315540983
1245,0,0,0.8198745036101138
1474,0,0,0.6381004910752488
665,0,0,0.7444095275110263
364,1,1,0.2783974828855379
1544,1,1,0.2997092808271826
215,1,1,0.3253161269518998
743,0,0,0.7946006637968251
27,0,1,0.15201454811945114
1125,1,1,0.1953183272805189
950,1,1,0.30083888096559763
938,0,0,0.7514614600710796
638,0,0,0.8154775365098971
820,0,0,0.9575511363496713
718,1,1,0.45547919537364956
691,0,0,0.8569504802018407
907,0,0,0.5966645844400473
624,0,0,0.8181333882547512
932,0,0,0.7528794417009352
256,1,1,0.24733597168651278
25,0,0,0.983134940629662
336,1,1,0.15828245636095306
572,0,0,0.9781425598973809
47,0,0,0.9279233997995784
106,0,1,0.4694876732769132
349,1,1,0.28223390565610074
55,1,0,0.9346808441041938
886,1,1,0.40352783483488897
213,0,1,0.3258729010355127
120,0,0,0.9495308150589752
1033,1,1,0.14057397138967231
1118,1,1,0.1967169130420766
72,0,1,0.3051577585362456
1359,1,1,0.43690252776874683
1172,1,1,0.057190928348168524
787,0,0,0.9171150321444179
45,1,1,0.05719981978689459
1324,0,0,0.8666702742102755
523,0,0,0.9088854485314454
952,1,1,0.30030582518365323
1333,1,1,0.26312727469378105
1046,1,1,0.13859457481174797
869,0,0,0.6947710472874659
533,0,0,0.9078300921497271
1187,1,1,0.05617412196981042
603,0,0,0.6848688538407995
465,1,1,0.25341662569228207
893,1,1,0.40139362001998635
1336,1,1,0.26239049285193317
849,0,0,0.5234176063452514
1027,0,0,0.6300182968382106
60,0,0,0.7203764437983671
970,1,1,0.4850882093726585
92,0,0,0.7492996117534663
666,0,0,0.7441682360015252
765,0,0,0.8351634773299985
194,1,1,0.4793570088191086
280,1,1,0.15957860471722407
695,0,0,0.8563276940166644
359,1,1,0.2796727269575209
519,1,0,0.8346905536126883
1272,1,0,0.5925758951311864
839,1,1,0.33124034271871117
182,0,0,0.8289731120109287
1133,1,1,0.3380891452033473
1079,0,1,0.42416099950062447
110,1,0,0.7258619647126334
1219,0,0,0.6768783656077486
42,0,0,0.9117907479914521
746,0,0,0.793979213349004
1178,1,1,0.05678214746094001
204,0,1,0.3283844547382523
900,1,1,0.39926313718565487
52,0,0,0.9077606441217808
1175,1,1,0.05698619351537537
545,0,0,0.9561108810089785
68,1,1,0.27228759987764595
1347,1,1,0.2597003554060433
1220,0,0,0.6766010176742154
939,0,0,0.7512246011234927
898,1,1,0.39987146143337804
183,0,0,0.6621005622757028
137,0,0,0.8773501079025361
132,1,0,0.659801255660557
80,1,0,0.9342354931427183
1268,1,0,0.5937996567940346
105,1,0,0.5034573359751321
1255,0,0,0.9052489168813534
541,0,0,0.9563231916357943
809,0,0,0.958114387729404
480,1,1,0.24983557222688924
165,0,0,0.6576358274226682
248,1,1,0.08092873469585182
307,1,1,0.07993028143898007
446,1,1,0.14057511924556232
1258,0,0,0.9049221833137755
334,1,1,0.15862056503087474
1505,0,0,0.7827840090632275
97,0,0,0.5748494532369577
1160,0,1,0.02669418914099908
1545,1,1,0.2994432578431906
737,0,0,0.6471084714134064
1223,1,0,0.6757682291045639
918,0,0,0.5933039673615926
421,1,1,0.3422442120401643
102,1,0,0.5448484519609984
434,0,1,0.06886184942832196
74,1,0,0.5721383351763306
1403,0,0,0.5363832198025917
1433,0,0,0.8416946158844467
1422,0,0,0.7172172541327604
302,1,0,0.7953718995306869
1352,1,1,0.4390870552044024
1320,0,0,0.8672551775062913
1279,1,0,0.5904315545588875
762,1,0,0.8356864070475942
733,0,0,0.6482656607730741
388,1,1,0.2033302117648177
235,1,1,0.319775686279566
1302,0,0,0.7587040880099055
267,1,1,0.4212072178090843
305,1,1,0.08011695189605128
864,0,0,0.6961136608814237
117,1,1,0.4949971497725385
1522,1,1,0.16385933166218447
673,0,0,0.742475014432578
249,1,1,0.08083448670000681
1138,1,1,0.33667203151348557
1239,0,0,0.8209951464065336
71,1,0,0.761013481383233
94,0,0,0.913965682168284
930,0,0,0.7533508927639427
33,0,1,0.15103657806877024
799,0,0,0.9159512061273556
1146,1,1,0.33441075479603555
448,1,1,0.1402690628557236
445,1,1,0.14072835679257534
771,0,0,0.8341136118195247
716,1,1,0.45610814047171433
1201,1,1,0.11055372450041001
1410,0,0,0.7202926046849288
988,0,0,0.6618729580295863
1185,1,1,0.056308707346341524
77,1,0,0.8236796597156695
84,0,0,0.6622360389724689
916,0,0,0.5939156485714678
82,1,1,0.33777986955359984
457,1,1,0.13889870425009254
1007,0,1,0.43953596829591246
676,0,0,0.741747111327236
1506,0,0,0.782568363597145
1120,1,1,0.1963165470661684
436,0,1,0.06869944458384525
770,0,0,0.83428896066084
644,0,0,0.5711736353800627
862,0,0,0.6966497736033876
1209,0,0,0.6796449822740902
994,1,0,0.6601684866603443
1247,1,0,0.8194997415266756
1169,1,1,0.057396353964447866
404,1,1,0.2000641028740029
1362,1,1,0.4359670454635758
1022,0,0,0.8036409849299315
1246,0,0,0.8196871985138446
104,0,0,0.7328795883017856
609,0,0,0.6832248229184217
1373,1,0,0.6183723476770213
688,0,0,0.8574160926421545
1430,0,0,0.8422007409496481
826,1,1,0.3349014068500985
1252,0,0,0.905574644795369
1080,0,1,0.4238513710079207
62,1,1,0.27379747362969575
281,1,1,0.15940864921369713
852,0,0,0.5224687583211773
778,0,0,0.8328820060516442
1058,0,1,0.26245868904642666
238,1,1,0.31894894113535965
223,1,1,0.32309397194206146
145,0,0,0.8036783487317629
1461,1,1,0.4438905971797519
373,1,1,0.10381006155883654
1284,1,0,0.5888977693344781
118,0,1,0.4610682689232245
1177,1,1,0.05685008640511813
1174,1,1,0.05705436182976287
250,1,1,0.08074033882115883
1509,1,1,0.16612996822783632
1417,0,0,0.7185011373565502
978,1,1,0.48255526843052154
9,0,1,0.1479971894948512
449,1,1,0.14011624387723454
967,1,1,0.4860382667632479
708,1,1,0.4586253011825794
255,1,1,0.08027109824591983
882,1,1,0.40474903311292676
593,0,1,0.4949799074174348
389,1,1,0.20312492175770092
1234,0,0,0.8219248447816841
1309,1,0,0.8688524626823984
557,0,0,0.9554680260909573
908,0,0,0.5963594433388928
1346,1,1,0.2599441720100226
922,0,0,0.7552306403028389
460,1,1,0.13844441962913312
723,0,0,0.6511510029268375
1444,0,0,0.8398275432236706
144,0,0,0.8038783046018498
501,0,0,0.9572370316375569
1144,1,1,0.3349753661430659
739,0,0,0.6465292280999787
1447,0,0,0.8393152586331417
868,0,0,0.695039836029899
731,0,0,0.6488436040730525
539,0,0,0.9071916181765026
177,1,1,0.32880462127581633
1511,1,1,0.16577900668358048
697,0,0,0.8560154556247745
1457,1,1,0.44514278581884026
1091,1,1,0.1014051491690563
1261,0,0,0.9045944418023515
985,0,0,0.6627236236824567
1560,1,1,0.4713239479294965
7,0,0,0.9826044651179
946,1,1,0.30190660758071775
667,0,0,0.7439267950590205
1212,0,0,0.6788163112807206
357,1,1,0.2801838239816048
783,0,0,0.9174997053072512
735,0,0,0.6476872827629601
329,1,1,0.15946840070914559
1097,1,1,0.10071409957521471
1200,1,1,0.11067845091693551
1167,0,1,0.026464578620638668
258,1,1,0.2468642444140412
964,1,1,0.48698842505911644
1228,1,0,0.823035484793019
372,1,1,0.10392806877707639
1151,1,1,0.026992251074542617
1311,0,0,0.8685632660503936
142,0,0,0.8042777543310944
525,0,0,0.9086752507759875
1188,1,1,0.11218479989620977
232,1,1,0.32060356561030845
1334,1,1,0.2628815330203865
1486,0,0,0.6345799107116852
440,0,1,0.06837569872944449
531,0,0,0.9080420383054616
1380,1,0,0.6162758592239721
226,1,1,0.3222627121458762
1078,0,1,0.42447068753978645
228,0,1,0.32170916267012484
1338,1,1,0.26190004401352585
1356,1,1,0.43783845918464026
212,1,1,0.32615147259876043
885,1,1,0.4038330229829188
79,0,0,0.915685048913913
148,0,0,0.8030775568932326
814,0,0,0.957859255855352
1181,1,1,0.05657878818329165
1001,0,1,0.14202480694841546
671,0,0,0.7429595380707745
1355,1,1,0.43815053501106516
555,0,0,0.9555757885564438
1137,1,1,0.3369552203638452
133,1,1,0.47986856082603735
1157,0,1,0.026793185725559998
933,0,0,0.7526434892807093
1331,1,1,0.2636192008970615
823,1,1,0.33574911712898126
408,1,1,0.3459639801019072
368,1,1,0.10440128420577355
507,0,0,0.8802555550898902
1235,0,0,0.8217392081876452
504,1,0,0.7053983521399243
1392,0,0,0.5398493957132806
347,1,1,0.2827478459636097
1387,1,0,0.6141750395880838
386,1,1,0.20374125524217068
0,0,0,0.9675545799067027
1408,0,0,0.7208031697230699
360,1,1,0.2794173924309
894,1,1,0.40108903511123306
828,1,1,0.3343368574913915
1500,0,0,0.7838599177360192
475,1,1,0.2510254968697019
1339,1,1,0.2616550415014859
57,0,1,0.042149460575000464
637,0,0,0.8156682311312529
1365,1,1,0.4350320187073
1562,1,1,0.4706921790144324
652,0,0,0.5686876393375355
172,0,1,0.23613140494798535
450,1,1,0.1399635642857382
125,0,0,0.9495308150591888
38,0,0,0.6038506371009544
530,0,0,0.9081478470462627
857,0,0,0.5208869879032272
713,1,1,0.4570518200180481
90,0,0,0.9735662132989424
1547,1,1,0.2989116177258735
181,0,0,0.9230171220247962
875,0,0,0.6931555306482775
1277,1,0,0.5910445781149096
786,0,0,0.9172113531143439
414,1,1,0.3442447893810815
251,1,1,0.08064629097540366
69,0,1,0.014784523875941313
803,0,0,0.9584185963546786
131,0,0,0.8030372786909253
300,0,0,0.7957842733266653
1067,0,1,0.26025596282536356
326,1,1,0.15997886244165738
1531,1,1,0.30317983623923606
1455,1,1,0.44576914244275156
499,1,0,0.6087021640867185
338,1,1,0.1579449330983248
28,0,0,0.9754830879023219
1040,1,1,0.13950522060637982
1424,0,0,0.7167027088674589
945,1,1,0.3021738750450298
169,1,0,0.8597106625311433
912,0,0,0.5951381354762937
491,1,1,0.17875511372767794
953,1,1,0.3000394995668558
1032,1,1,0.14072720789031534
587,0,1,0.49688147992751386
750,0,0,0.7931484485302941
657,0,0,0.5671321239814483
234,0,1,0.3200515202161973
732,0,0,0.6485546868473142
1458,1,1,0.44482967271930385
1283,1,0,0.5892046656415209
934,0,0,0.7524073856602036
108,1,0,0.5360183716454308
568,0,0,0.9782507181478924
890,1,1,0.40230783086328004
947,1,1,0.3016394743273121
1057,0,1,0.2627041763185297
884,1,1,0.40413828555744924
1322,1,0,0.8669629979761317
850,0,0,0.5231013421123432
734,0,0,0.6479765260212437
717,1,1,0.4557936502981088
454,1,1,0.13935423842671124
264,1,1,0.07943273385001148
75,0,0,0.7500204665114151
444,1,1,0.06805336704145792
395,1,1,0.2018964253510298
176,0,0,0.5478781693239294
1042,1,1,0.13920111628547005
1507,0,0,0.7823525635698941
1098,1,1,0.10059933201952953
1361,1,1,0.4362788225997456
595,0,1,0.49434607947022413
61,0,0,0.8309980263239328
872,0,0,0.6939638848686579
1170,1,1,0.05732780188138753
1469,0,0,0.6395630606099745
278,1,1,0.15991895607048812
36,0,0,0.9124006374723682
662,0,0,0.7451325048925276
1414,0,0,0.7192697632110829
1132,1,1,0.33837291799448643
977,1,1,0.4828718397018227
738,0,0,0.6468189036660281
191,0,0,0.8203178004313298
919,1,0,0.5929980180865273
456,1,1,0.13905041004439134
675,0,0,0.7419898946386285
760,0,0,0.7910607132811809
1415,0,0,0.7190136968049188
728,0,0,0.6497097009549047
412,1,1,0.3448174025898223
825,1,1,0.3351838589305006
616,0,0,0.6813009887013888
114,0,0,0.5364441587014916
417,1,1,0.3433867176793838
1491,0,0,0.7857868131450487
969,1,1,0.4854048835346545
604,0,0,0.6845951685797493
1497,0,0,0.7845036077894407
89,0,0,0.9494578584644292
848,0,0,0.5237338517997031
1196,1,1,0.11117858926614865
1496,0,0,0.7847178619153807
753,0,0,0.7925237515504965
498,1,0,0.5179292744990236
11,0,0,0.9735868955329915
396,1,1,0.20169221646069369
284,1,1,0.4159619812017382
1066,0,1,0.2605001175027549
690,0,0,0.8571058249240707
1286,1,0,0.5882837693885876
1466,1,1,0.4423263650023195
689,0,0,0.8572610290487755
851,0,0,0.5227850593534403
159,1,1,0.050502981722429174
895,1,1,0.40078452658243124
1251,0,0,0.9056829976840538
257,1,1,0.24710003242611644
335,1,1,0.15845143749279378
1470,0,0,0.6392707528265795
1039,1,1,0.1396574814029462
515,1,0,0.7047822989792693
1015,0,0,0.538366585094485
768,0,0,0.8346392126911908
1375,1,0,0.6177737969640931
761,0,0,0.8358604205328285
1155,0,1,0.026859381701246687
521,0,0,0.9090952108849427
22,0,0,0.929317393392697
356,1,1,0.2804395863069925
1330,1,1,0.2638653852972168
340,1,1,0.15760799480612586
431,0,1,0.06910612339954803
473,1,1,0.25150252040943333
217,1,1,0.3247598458719958
911,0,0,0.595443573524077
1260,0,0,0.904703801107947
1011,0,0,0.6630482635966819
1524,1,1,0.16351222638835694
93,0,0,0.6619453202829189
1008,0,1,0.36773213516332426
1070,0,1,0.4269503076750969
1092,1,1,0.10128968283232087
696,0,0,0.8561716453170571
1404,0,0,0.5360679334106648
996,1,0,0.6595994037589963
153,0,0,0.7903324728699328
1099,1,1,0.10048468063249494
1358,1,1,0.43721445532448866
1565,1,1,0.4697447023139172
789,0,0,0.9169220843407024
580,0,0,0.9779246635941864
703,1,1,0.4601996079282844
1316,1,0,0.8678379061797561
487,1,1,0.0887712701315092
559,0,0,0.9553600144312624
1141,1,1,0.33582316910418786
1119,1,1,0.19651665303244958
801,0,0,0.9585195287422466
512,0,1,0.42399412736852815
633,0,0,0.8164294841930678
1159,0,1,0.026727148411709867
1400,0,0,0.5373289034720805
1150,0,1,0.027025568143188017
790,0,0,0.9168254573383723
116,1,0,0.7262025251539489
740,1,0,0.6462394448879849
1081,0,1,0.4235418022932944
830,1,1,0.33377278221756557
119,0,0,0.949530815059885
656,0,0,0.5674433339557516
1488,0,0,0.7864263282216583
635,0,0,0.8160491626864146
369,1,1,0.10428280219784081
268,1,1,0.16162953351707188
655,0,0,0.5677544907147856
935,0,0,0.7521711308840072
822,1,1,0.3360319229403588
866,0,0,0.6955770147132245
46,0,0,0.9308714446052012
1349,1,1,0.4400240094370036
991,0,0,0.6610212442777259
876,0,0,0.6928858149521232
773,0,0,0.8337624682448166
1567,1,1,0.46911317189124535
4,0,0,0.9749048962715321
1003,1,1,0.031498201653819446
1360,1,1,0.43659065011430054
263,1,1,0.07952548889229549
1237,0,0,0.8213674804499154
1432,0,0,0.8418634705260155
443,0,1,0.06813381766594795
1002,1,1,0.10934138036448082
1077,0,1,0.4247804348936861
837,1,1,0.33180226965993176
1402,0,0,0.5366984771096731
304,1,0,0.7949589075812891
1227,0,0,0.674656111785872
313,1,1,0.07937265078714517
149,0,0,0.8028769848149261
1148,0,1,0.027092322266463076
574,0,0,0.9780882837532978
50,1,0,0.5250712829357365
1343,1,1,0.26067651229633304
726,0,0,0.650286551514437
833,1,1,0.3329275608703828
1115,1,1,0.19731861749795576
1166,0,1,0.026497262109616115
470,1,1,0.25221918343428895
971,1,1,0.48477154718402427
653,0,0,0.5683766436417781
399,1,1,0.20108051616275557
511,0,0,0.5165563401902709
320,1,1,0.07872657610944445
19,0,0,0.9506488436478667
684,0,0,0.8580349430308334
35,0,0,0.9741946501277297
902,1,0,0.5981891638709376
827,1,1,0.3346190729862015
1407,0,0,0.5351219022199685
407,1,1,0.3462509050000945
920,1,0,0.5926919966583022
537,0,0,0.907404882764478
758,0,0,0.7914794974083987
1062,0,1,0.2614782187407638
1199,1,1,0.1108033005196788
245,0,1,0.08121208022459514
1127,1,1,0.19492011705617318
784,0,0,0.9174036896115378
489,0,0,0.5836529972250784
154,1,0,0.7901223120521373
961,0,1,0.4879386774028571
853,0,0,0.5221524392681338
625,0,0,0.8179446746737473
685,0,0,0.857880440898305
569,0,0,0.9782237277451477
1489,0,0,0.7862133111758702
17,0,0,0.9268258900218995
127,1,1,0.05044222223695061
1540,1,1,0.30077472301116104
927,0,0,0.754056934260079
980,1,1,0.4819221681489908
1536,1,1,0.30184232022501123
190,0,0,0.9366718280477193
1139,1,1,0.3363889599170964
992,0,0,0.6607371075138473
1529,1,1,0.3037157791128249
1308,1,0,0.8689968582952091
606,0,0,0.6840474137948491
180,0,0,0.9749024053178683
301,0,0,0.7955781636939185
496,1,1,0.24078394070837905
1350,1,1,0.43971164353263514
1313,0,0,0.8682735283875566
1293,0,0,0.7607868086989849
517,1,0,0.970166449396435
1069,1,1,0.4272605211807563
476,1,1,0.25078721079140465
157,1,0,0.7894909016423035
1243,0,0,0.820248658266893
1195,1,1,0.11130393243448156
16,0,0,0.929815429384177
1072,0,1,0.4263300532587676
1543,1,1,0.29997543894722356
546,0,0,0.9560576496940039
658,0,0,0.5668208610284213
1386,1,0,0.6144754192242227
1019,0,0,0.6465740660268662
1314,0,0,0.8681284564865153
959,1,1,0.29844438470643075
1472,0,0,0.6386858277132036
283,1,1,0.4162700104067487
797,0,0,0.9161462025782604
225,0,1,0.32253967413860973
26,0,0,0.817178176018791
437,0,1,0.06861837526137637
1523,1,1,0.16368570502599755
229,1,1,0.32143257546280357
37,1,0,0.9521063055012354
749,0,0,0.7933563716336741
1045,1,1,0.13874600195603748
469,1,1,0.2524583716330624
1538,1,1,0.30130825268889205
1539,1,1,0.301041420561317
687,0,0,0.8575710157705685
1441,0,0,0.84033850526892
639,0,0,0.815286689286083
1353,1,1,0.4387748332604009
1218,0,0,0.6771555891805765
1158,0,1,0.026760147258310996
1307,1,0,0.7575416905461129
1426,0,0,0.7161875978355805
800,0,0,0.9158535535362826
160,1,1,0.05044222223978556
956,1,1,0.2992413331497834
1186,1,1,0.0562413767993859
821,0,1,0.3363148463548651
1329,1,1,0.26411171714272175
877,0,0,0.6926159673107716
913,0,0,0.5948326237380656
152,0,0,0.7905424790311507
1436,0,0,0.8411871735868384
509,0,0,0.8731211586080999
1135,1,1,0.33752194920682066
1250,1,0,0.905791239172831
1315,0,0,0.8679832491082431
103,1,1,0.43954032821717304
586,0,1,0.49719841893621386
1388,0,0,0.5411088860626592
1143,1,1,0.33525784915766377
53,0,0,0.9039287374156106
151,0,0,0.790752330537858
403,1,1,0.20026707686776324
1520,1,1,0.1642070291290092
207,0,1,0.3275461699174822
1480,1,0,0.6363420265290295
1122,1,1,0.1959167971951753
1377,1,0,0.6171748886573174
8,0,0,0.8124236271512153
1014,0,0,0.8148898962145034
1406,0,0,0.535437274369823
1060,0,1,0.26196815801047335
452,1,1,0.13965862299135012
253,1,1,0.08045849504765856
896,1,1,0.40048009464942846
1566,1,1,0.4694289248641329
880,0,0,0.6918056339190215
1476,1,0,0.6375147443618961
623,0,0,0.8183219496695581
345,1,1,0.2832623528060858
1345,1,1,0.26018813706684607
262,1,1,0.24592260572314362
1321,0,0,0.8671091557344759
150,0,0,0.802676258643081
472,1,1,0.251741257772212
640,1,0,0.815095689430136
1552,1,1,0.47385192226560624
1473,0,0,0.6383932107443213
550,0,0,0.9558441078808854
928,0,0,0.7538217384988649
488,0,1,0.06289205048893898
1419,0,0,0.7179880096452551
1171,1,1,0.057259326700757174
146,0,0,0.8034782388349498
402,1,1,0.20047020518101044
954,1,1,0.2997733089482203
1468,0,0,0.6398552649708771
659,1,0,0.5665095453332984
463,1,1,0.13799138270178812
186,0,0,0.8220915286644838
1147,1,1,0.3341286267685387
1224,0,0,0.675490385124937
608,0,0,0.683499147529191
143,0,0,0.8040781064624656
751,0,0,0.7929403708186521
981,0,0,0.6638562069073499
197,1,1,0.33034470436952335
883,1,1,0.40444362234026543
279,1,1,0.15974870698506205
293,0,0,0.5994934161562753
1427,0,0,0.7159298303835299
400,1,1,0.20087692481622366
122,1,1,0.05047259332667475
1207,1,1,0.10980794830986773
202,1,1,0.32894391988824867
835,1,1,0.33236467610922704
246,1,1,0.08111753137420041
1485,1,0,0.6348738485592266
1471,0,0,0.6389783418008681
1153,0,1,0.026925736697697267
384,0,1,0.10251978393421912
1381,1,0,0.6159760056922386
854,0,0,0.5218361024470607
219,0,1,0.32420405892714754
641,1,0,0.572104965688082
1,0,0,0.9827340114727487
112,0,1,0.4606428578226107
698,0,0,0.8558591248743679
1494,0,0,0.7851459063001598
951,1,1,0.30057228568718486
1376,0,0,0.6174743874096238
1291,0,0,0.7612479581556614
1416,0,0,0.7187574881575514
441,1,1,0.06829498342981455
1136,1,1,0.3372385263133658
1256,0,0,0.9051401175445516
663,0,0,0.7448916620111132
1435,0,0,0.8413564674691654
1257,0,0,0.9050312063836407
1391,0,0,0.5401643166539005
317,1,1,0.0790028742586586
648,0,0,0.5699310781680074
709,0,1,0.45831053791218956
1382,1,0,0.615676063969985
1282,1,0,0.5895114925403456
972,1,1,0.4844548972224899
627,0,0,0.8175667908837172
632,0,0,0.8166194162545033
1306,1,0,0.7577744743157144
1248,0,0,0.9060073882900648
1527,1,1,0.16299267796672756
1254,0,0,0.9053576044788627
1371,1,0,0.6189705391938909
1354,1,1,0.43846265978277577
1504,0,0,0.7829994999610522
1446,0,0,0.8394861672007947
795,0,0,0.9163407879501508
645,0,0,0.5708630795510897
1012,0,1,0.34266837294264807
556,0,0,0.9555219384407004
681,0,0,0.8584976085043612
577,0,0,0.9780066224084696
1109,1,1,0.1985261877799097
1266,0,0,0.9040459598557566
1183,1,1,0.056443595887360365
524,0,0,0.9087804041214179
1059,0,1,0.26221334958924725
540,0,0,0.9070848206115213
1194,1,1,0.11142939919918105
748,0,0,0.7935641401341705
1449,1,1,0.44764923822583125
484,1,1,0.248886345160653
95,0,0,0.8742086115890362
1020,1,0,0.5756890150617706
563,0,0,0.978385180264721
1264,0,0,0.9042656900572763
742,0,0,0.7948075048055057
863,0,0,0.6963817839811852
891,1,1,0.40200301811247496
1038,1,1,0.13980988138146255
206,1,1,0.327825476277113
392,1,1,0.2025099785493205
794,0,0,0.9164379266924163
870,0,0,0.6945021257678075
397,1,1,0.20148816197341612
766,0,0,0.834988870840019
1439,0,0,0.8406784125924456
1241,0,0,0.8206222057727834
1028,1,1,0.1413415511464311
642,1,0,0.5717945786827578
612,0,0,0.6824010847535922
960,1,1,0.29817900639944783
725,0,0,0.6505748120775625
683,0,0,0.8581893049647522
98,1,0,0.6984657703100214
804,0,0,0.9583680420991181
406,1,1,0.34653794177672803
502,0,0,0.7059250046673154
1071,0,1,0.42664015162333857
1056,0,1,0.26294981134167195
929,0,0,0.753586391319129
779,1,0,0.8327054669628775
200,1,1,0.329503870562178
134,0,0,0.9851750269205055
1051,0,1,0.26418020046693325
40,0,0,0.9313593393932295
1017,0,0,0.9031246961142968
230,1,1,0.3211561134590749
378,1,1,0.10322180111364954
288,1,0,0.6010144529949168
418,1,1,0.3431009205924973
391,1,1,0.20271480515969753
592,0,1,0.49529682756938387
1162,0,1,0.026628389148447895
1086,0,1,0.42199486348404625
647,0,0,0.570241800710326
1152,0,1,0.026958973941067388
1367,1,1,0.4344089237927232
520,1,0,0.7767097231562727
64,0,0,0.770437689671228
14,0,0,0.598118847644157
1180,1,1,0.05664649842405278
1064,0,1,0.26098887173922714
492,1,1,0.13039708577496023
379,1,1,0.10310450356714218
187,1,0,0.6513286829172291
763,0,0,0.8355122453848169
216,0,1,0.3250379247156412
791,0,0,0.9167287281566936
1076,0,1,0.42509024133030804
878,0,0,0.6923459878444262
337,1,1,0.15811362158097098
719,1,1,0.45516477594502625
295,0,1,0.28368681674074137
1016,0,0,0.9263104784333944
1275,1,0,0.5916573187001047
455,1,1,0.1392022547470303
1564,1,1,0.4700605039895811
815,0,0,0.9578080514962531
269,1,1,0.1614578133556116
995,1,0,0.6598840028864923
201,0,1,0.32922383460774307
161,0,0,0.949530815054865
729,0,0,0.6494211112969738
401,1,1,0.20067348782635253
702,1,1,0.46051456561990156
1129,1,1,0.33922493366110684
565,0,0,0.9783314932463573
1413,0,0,0.7195256872888918
1021,1,1,0.26439820312198303
1025,0,0,0.8965570566903814
1411,0,0,0.7200371081121876
1104,1,1,0.09991316327629451
205,0,1,0.32810490459898156
34,0,0,0.9753005053661826
775,0,0,0.8334107298294978
508,0,0,0.8350989453644023
1451,1,1,0.44702237059110805
1478,0,0,0.6369285890269694
1542,1,1,0.3002417320922234
1390,0,0,0.5404792055244225
91,0,0,0.8217015293686878
1363,1,1,0.4356553189440293
897,1,1,0.4001757395279495
564,0,0,0.9783583530351299
1369,1,0,0.6195683699167074
776,0,0,0.8332346374380334
241,1,1,0.3181233338159798
13,0,0,0.951004500621663
315,1,1,0.07918756524493409
600,0,1,0.49276159356383675
387,1,1,0.20353565625657832
1297,1,0,0.759862679237025
166,1,0,0.542438477645312
840,1,1,0.33095955943603383
20,1,0,0.5962890230120401
646,0,0,0.570552467916313
1508,0,1,0.166305671997664
1154,0,1,0.026892539299417595
831,1,1,0.3334909227420708
1267,0,0,0.9039359257892359
562,0,0,0.978411974972771
1526,1,1,0.1631657129088604
686,0,0,0.8577257985004421
957,1,1,0.2989755481912598
189,1,1,0.4823726841511078
975,1,1,0.4835050232380672
699,0,0,0.8557026530004407
1499,0,0,0.7840746356945715
510,1,1,0.42461349876260934
1082,0,1,0.4232322935881786
474,1,1,0.25126393342543674
856,0,0,0.5212033765117441
747,0,0,0.7937717540373462
252,1,1,0.08055234307885428
21,1,1,0.05592436663702338
1337,1,1,0.2621451944847165
459,1,1,0.1385957091113872
1184,1,1,0.05637611368440809
276,1,1,0.1602598949066888
955,1,1,0.29950725343891627
1215,0,0,0.6779865123463433
385,1,1,0.20394700873047422
805,0,0,0.9583174290532959
1437,0,0,0.8410177331825669
1515,1,1,0.1650788662345256
343,1,1,0.15710368322622215
769,0,0,0.834464160935369
1332,1,1,0.2633731640075826
130,0,0,0.8955158600973627
871,0,0,0.6942330715888202
1123,1,1,0.19571715325575767
1396,0,0,0.5385893962155297
87,0,0,0.9736639178960315
1482,1,0,0.635755058331205
330,1,1,0.159298540328773
1238,0,0,0.8211813892342912
466,1,1,0.25317683709055394
121,0,0,0.6815940167937188
1044,1,1,0.13889756787052432
1095,1,1,0.10094398352959155
1130,1,1,0.3389408123802661
1294,1,0,0.7605560051006027
860,0,0,0.5199377225492354
1459,1,1,0.4445166034180421
1126,1,1,0.19511914520863505
