;y_train;y_train_pred;y_train_pred_proba
1344;1;1;[0.12143506147536176, 0.8785649385246382]
308;1;1;[0.046476695751556774, 0.9535233042484432]
1105;1;1;[0.27246324883013495, 0.727536751169865]
430;0;1;[0.08211683894108124, 0.9178831610589188]
966;1;1;[0.3746439329641862, 0.6253560670358138]
398;1;1;[0.0712306653374859, 0.9287693346625141]
423;1;1;[0.08178807116305864, 0.9182119288369414]
370;1;1;[0.06245012632552904, 0.937549873674471]
54;1;0;[0.7259027534384916, 0.27409724656150836]
1197;1;1;[0.1724294829370917, 0.8275705170629083]
1000;0;1;[0.358704546315751, 0.641295453684249]
620;0;0;[0.7984400598492805, 0.20155994015071949]
312;1;1;[0.047310751103413984, 0.952689248896586]
941;1;1;[0.3885677507699432, 0.6114322492300568]
1010;0;0;[0.8112214140228549, 0.18877858597714514]
560;0;0;[0.9377938521415472, 0.06220614785845282]
109;1;1;[0.4923813135224212, 0.5076186864775788]
522;0;0;[0.9399298042011389, 0.06007019579886104]
1519;1;1;[0.1489983788105279, 0.8510016211894721]
100;0;0;[0.8469052789326629, 0.15309472106733715]
544;0;0;[0.9387505174358725, 0.06124948256412751]
1216;0;1;[0.45727536641312827, 0.5427246335868717]
1438;0;0;[0.551872480864087, 0.448127519135913]
266;1;1;[0.20273018081320937, 0.7972698191867906]
810;0;0;[0.8029512114536164, 0.1970487885463837]
296;0;1;[0.14445942763118036, 0.8555405723688196]
1193;1;1;[0.17444869247137118, 0.8255513075286288]
461;1;1;[0.09530030982681725, 0.9046996901731827]
1026;1;0;[0.7584602052783276, 0.24153979472167236]
796;0;0;[0.809496977742995, 0.19050302225700497]
917;0;1;[0.4117947320880939, 0.5882052679119061]
1423;0;0;[0.5758159034799206, 0.4241840965200793]
377;1;1;[0.06461257477997462, 0.9353874252200254]
286;1;1;[0.1379540776370729, 0.8620459223629271]
1503;0;1;[0.48421651742541516, 0.5157834825745848]
1108;1;1;[0.2708177143713909, 0.7291822856286091]
1398;0;0;[0.6186427894888131, 0.3813572105111869]
126;1;1;[8.672427589395681e-07, 0.9999991327572411]
327;1;1;[0.05038174507638005, 0.94961825492362]
292;0;1;[0.22994091673179629, 0.7700590832682037]
597;0;0;[0.7981277125234638, 0.20187228747653616]
792;0;0;[0.8118794670258467, 0.1881205329741533]
752;0;0;[0.7259288423331831, 0.27407115766681694]
355;1;1;[0.057944220959107784, 0.9420557790408922]
1477;0;0;[0.5292971023622133, 0.47070289763778667]
209;1;1;[0.2855223265304936, 0.7144776734695064]
140;1;1;[0.03500126096997924, 0.9649987390300208]
1176;1;1;[0.1834297104579392, 0.8165702895420608]
1047;1;1;[0.33859570750368007, 0.6614042924963199]
705;1;0;[0.7586535683267197, 0.24134643167328035]
1242;0;1;[0.4116132803062328, 0.5883867196937672]
1048;0;1;[0.338366926247751, 0.661633073752249]
570;0;0;[0.9379971772139907, 0.06200282278600933]
974;1;1;[0.37022186121022294, 0.6297781387897771]
905;1;1;[0.4196462548754133, 0.5803537451245867]
10;0;0;[0.9989402455194574, 0.0010597544805426263]
785;0;0;[0.8159771413326632, 0.18402285866733684]
282;1;1;[0.13310156967609255, 0.8668984303239075]
291;0;1;[0.14117544432283957, 0.8588245556771604]
602;0;0;[0.7981398449537206, 0.2018601550462794]
548;0;0;[0.9385215756482104, 0.06147842435178957]
129;0;0;[0.9999210747854809, 7.892521451910445e-05]
323;1;1;[0.04968527335706707, 0.9503147266429329]
1179;1;1;[0.1817930546962444, 0.8182069453037556]
1214;0;1;[0.4609769089919862, 0.5390230910080138]
669;0;0;[0.786922281263539, 0.21307771873646095]
552;0;0;[0.9382773707335541, 0.061722629266445866]
909;0;1;[0.4170130743900109, 0.5829869256099891]
715;1;0;[0.751489581146485, 0.24851041885351494]
678;0;0;[0.7817890187825469, 0.21821098121745314]
158;1;1;[0.24732495091231976, 0.7526750490876802]
626;0;0;[0.8011127910167852, 0.19888720898321477]
516;1;1;[0.468701822714934, 0.531298177285066]
1149;0;1;[0.19753072682748674, 0.8024692731725133]
195;0;1;[0.2841043074815307, 0.7158956925184693]
1514;1;1;[0.15190156812008015, 0.8480984318799198]
1401;0;0;[0.6134091658229024, 0.38659083417709755]
410;1;1;[0.07683059078363896, 0.923169409216361]
96;0;0;[0.7711185177534248, 0.2288814822465752]
1164;0;1;[0.18941355121891434, 0.8105864487810857]
1089;1;1;[0.2841174219581084, 0.7158825780418916]
156;1;1;[0.24635053504043547, 0.7536494649595645]
419;1;1;[0.08022857327279886, 0.9197714267272011]
694;0;0;[0.7746513213582493, 0.22534867864175068]
477;1;1;[0.10521707329146868, 0.8947829267085313]
937;0;1;[0.40133769603626746, 0.5986623039637325]
701;1;0;[0.7613465815656053, 0.23865341843439467]
1024;1;0;[0.5748103668392681, 0.42518963316073183]
447;1;1;[0.08894243011320357, 0.9110575698867964]
1117;1;1;[0.2644386315197932, 0.7355613684802068]
178;0;1;[0.3433452724627625, 0.6566547275372375]
390;1;1;[0.0685271237096563, 0.9314728762903437]
1348;1;1;[0.12014182706561871, 0.8798581729343813]
1295;1;1;[0.3502545428423507, 0.6497454571576493]
1298;1;1;[0.3450223687838061, 0.6549776312161939]
1563;1;1;[0.12713965730102894, 0.8728603426989711]
1225;0;1;[0.44068249716312746, 0.5593175028368725]
1370;1;1;[0.11181475481414171, 0.8881852451858583]
949;1;1;[0.38401298471322487, 0.6159870152867751]
1192;1;1;[0.1749563994458717, 0.8250436005541283]
813;0;0;[0.8012115959188129, 0.19878840408118711]
711;0;0;[0.7543735841063315, 0.2456264158936685]
294;0;1;[0.23188806043498833, 0.7681119395650117]
591;0;0;[0.7978038441587307, 0.20219615584126926]
1274;1;1;[0.38629075860957407, 0.6137092413904259]
88;0;0;[0.9897960974847472, 0.01020390251525285]
41;1;0;[0.69842607862455, 0.3015739213754501]
1018;0;0;[0.5663606685849187, 0.4336393314150813]
636;0;0;[0.8004852532001763, 0.19951474679982367]
1300;0;1;[0.3415542284573585, 0.6584457715426415]
847;0;1;[0.45297760999653947, 0.5470223900034605]
1450;1;0;[0.577254065994232, 0.422745934005768]
756;0;0;[0.7227418096155123, 0.2772581903844878]
164;0;0;[0.8090607592358755, 0.19093924076412452]
290;0;1;[0.140526182099718, 0.859473817900282]
1481;1;0;[0.5218611054134046, 0.4781388945865954]
1232;0;1;[0.4296733162559979, 0.5703266837440021]
348;1;1;[0.05616260423454156, 0.9438373957654584]
571;0;0;[0.937936423129568, 0.06206357687043193]
618;0;0;[0.7984646082177899, 0.2015353917822101]
1475;0;0;[0.5330107860620286, 0.4669892139379715]
1036;1;1;[0.3471285023523223, 0.6528714976476777]
910;0;1;[0.4163555120506318, 0.5836444879493682]
1035;1;1;[0.34790049544632795, 0.652099504553672]
651;0;0;[0.7944635999435724, 0.2055364000564276]
458;1;1;[0.093903087914469, 0.906096912085531]
375;1;1;[0.06398771863330732, 0.9360122813666927]
333;1;1;[0.051753898194244474, 0.9482461018057555]
1210;0;1;[0.46839251509451707, 0.5316074849054829]
1385;1;1;[0.10617715753996959, 0.8938228424600304]
1301;0;1;[0.3398295077728112, 0.6601704922271888]
846;0;1;[0.4538199201264984, 0.5461800798735016]
1452;1;0;[0.5736263309477727, 0.4263736690522273]
617;0;0;[0.7984768815638335, 0.20152311843616655]
328;1;1;[0.050608020615359184, 0.9493919793846408]
318;1;1;[0.04858882814391585, 0.9514111718560841]
1205;1;1;[0.1684563888515792, 0.8315436111484208]
1063;0;1;[0.32676003630222783, 0.6732399636977722]
167;1;1;[0.23907379167914544, 0.7609262083208546]
12;0;0;[0.8516421460205896, 0.1483578539794104]
171;1;1;[0.35738528687578286, 0.6426147131242171]
260;1;1;[0.12050593658701636, 0.8794940634129836]
899;1;1;[0.4234833881538741, 0.5765166118461259]
943;1;1;[0.3874231528941544, 0.6125768471058456]
1328;1;1;[0.12844448759245586, 0.8715555124075441]
138;0;0;[0.8335753551602538, 0.16642464483974612]
549;0;0;[0.9384600917177479, 0.06153990828225206]
811;0;0;[0.8023547099717208, 0.19764529002827919]
1073;0;1;[0.31945965698829226, 0.6805403430117077]
1050;0;1;[0.33681234010367755, 0.6631876598963224]
558;0;0;[0.9379150623121972, 0.062084937687802766]
139;0;0;[0.8529983482448308, 0.14700165175516922]
1368;1;1;[0.11258995773941838, 0.8874100422605816]
1102;1;1;[0.2746251334851869, 0.7253748665148131]
224;1;1;[0.2870889254839192, 0.7129110745160808]
1278;1;1;[0.378988567755316, 0.621011432244684]
409;1;1;[0.07646190896837635, 0.9235380910316237]
325;1;1;[0.04993206520016624, 0.9500679347998338]
299;0;1;[0.14380085377289353, 0.8561991462271065]
1088;1;1;[0.2848559916916158, 0.7151440083083842]
1546;1;1;[0.1349375353833454, 0.8650624646166546]
1418;0;0;[0.5848537620063909, 0.4151462379936091]
1453;1;0;[0.5718108062531765, 0.4281891937468235]
193;0;1;[0.3073846484512994, 0.6926153515487006]
1501;0;1;[0.48794959896294987, 0.5120504010370501]
573;0;0;[0.9378147481543772, 0.06218525184562282]
503;1;0;[0.6160448808468595, 0.3839551191531405]
605;0;0;[0.7982789996984654, 0.20172100030153461]
832;1;1;[0.46563306582176167, 0.5343669341782383]
3;0;0;[0.9785186638353092, 0.021481336164690827]
816;0;0;[0.799487616704145, 0.200512383295855]
467;1;1;[0.10004086910708576, 0.8999591308929142]
321;1;1;[0.04924164111846474, 0.9507583588815353]
5;0;0;[0.9955001568661047, 0.004499843133895267]
222;0;1;[0.28687862869955405, 0.713121371300446]
547;0;0;[0.9385830021707908, 0.061416997829209174]
818;0;0;[0.7983320882266058, 0.20166791177339416]
39;1;1;[0.22034043850425167, 0.7796595614957483]
542;0;0;[0.9388572251925691, 0.06114277480743087]
242;1;1;[0.28900717821151267, 0.7109928217884873]
136;0;0;[0.9994538205510953, 0.0005461794489046663]
1240;0;1;[0.4151974385954622, 0.5848025614045378]
942;1;1;[0.3879952973418669, 0.6120047026581331]
845;0;1;[0.45466249470771725, 0.5453375052922828]
1397;0;0;[0.620376854428455, 0.379623145571545]
1113;1;1;[0.2672528025983797, 0.7327471974016203]
921;0;1;[0.4114920156163563, 0.5885079843836437]
1428;0;0;[0.5701830108676141, 0.42981698913238586]
581;1;0;[0.7970738962399471, 0.20292610376005293]
1541;1;1;[0.1375040381351178, 0.8624959618648822]
861;0;1;[0.4437171022248404, 0.5562828977751596]
1530;1;1;[0.1433237150826201, 0.8566762849173799]
376;1;1;[0.06429943983278785, 0.9357005601672121]
314;1;1;[0.047733094798629416, 0.9522669052013706]
442;0;1;[0.08712564486242425, 0.9128743551375758]
319;1;1;[0.04880524746341519, 0.9511947525365848]
904;0;1;[0.42030524375612743, 0.5796947562438726]
867;0;1;[0.4394155060775896, 0.5605844939224104]
1182;1;1;[0.18016778001035783, 0.8198322199896422]
424;1;1;[0.0821822078904143, 0.9178177921095857]
553;0;0;[0.9382171234661921, 0.061782876533807866]
594;0;0;[0.7979827075152304, 0.20201729248476966]
1233;0;1;[0.42784791104187203, 0.572152088958128]
706;0;0;[0.7579467172989474, 0.2420532827010526]
841;0;1;[0.4580353425718592, 0.5419646574281408]
1273;1;1;[0.38813299392375866, 0.6118670060762413]
679;1;0;[0.7812064424372773, 0.21879355756272262]
227;1;1;[0.2874063617621545, 0.7125936382378455]
1090;1;1;[0.2833800083650022, 0.7166199916349978]
888;1;1;[0.4309313317287464, 0.5690686682712536]
1043;1;1;[0.34171471479639426, 0.6582852852036057]
1493;0;0;[0.5028950856602754, 0.49710491433972454]
66;0;0;[0.7218696850839339, 0.27813031491606605]
393;1;1;[0.06952962793008544, 0.9304703720699146]
579;0;0;[0.9374483856702764, 0.06255161432972361]
24;0;0;[0.9559777514561435, 0.044022248543856536]
211;1;1;[0.2857299154593884, 0.7142700845406116]
1211;0;1;[0.46653717503424774, 0.5334628249657523]
1364;1;1;[0.11367114937845302, 0.886328850621547]
536;0;0;[0.939197702626445, 0.060802297373555074]
1443;0;0;[0.5426609802891612, 0.4573390197108388]
914;0;1;[0.41373395664212786, 0.5862660433578721]
85;0;0;[0.9899611622861174, 0.010038837713882533]
1412;0;0;[0.595607566332454, 0.4043924336675459]
272;1;1;[0.12702929265898844, 0.8729707073410116]
1004;0;1;[0.4517161909498415, 0.5482838090501585]
1052;0;1;[0.335262424095758, 0.664737575904242]
1490;0;0;[0.5084997439950244, 0.4915002560049756]
630;0;0;[0.8010592645819286, 0.1989407354180714]
1075;0;1;[0.31794465270764327, 0.6820553472923567]
1462;1;0;[0.5553182877540688, 0.44468171224593117]
505;0;0;[0.8196100791332489, 0.1803899208667511]
273;1;1;[0.1276257024597789, 0.8723742975402211]
1013;0;0;[0.8108436195241319, 0.18915638047586814]
362;1;1;[0.059778775400550876, 0.9402212245994491]
622;0;0;[0.801164233527272, 0.198835766472728]
2;0;0;[0.930044839286756, 0.06995516071324398]
6;0;0;[0.989002694874229, 0.010997305125770976]
311;1;1;[0.047100913259454424, 0.9528990867405456]
1245;0;1;[0.4061798461831553, 0.5938201538168447]
1474;0;0;[0.5348662829289023, 0.46513371707109774]
665;0;0;[0.7891371322936225, 0.21086286770637752]
364;1;1;[0.060313339339661765, 0.9396866606603382]
1544;1;1;[0.13595821968934496, 0.864041780310655]
215;1;1;[0.2861453648454516, 0.7138546351545484]
743;0;0;[0.7330414415550064, 0.26695855844499367]
27;0;0;[0.8852389776017652, 0.1147610223982348]
1125;1;1;[0.25886440638707386, 0.7411355936129261]
950;1;1;[0.38345102214641147, 0.6165489778535885]
938;0;1;[0.40070839827947446, 0.5992916017205255]
638;0;0;[0.8000759735403916, 0.19992402645960836]
820;0;0;[0.7971715899971267, 0.2028284100028733]
718;1;0;[0.7493107935554868, 0.2506892064445132]
691;0;0;[0.7765171418540909, 0.22348285814590907]
907;0;1;[0.41832908283339953, 0.5816709171666005]
624;0;0;[0.8011395501740782, 0.1988604498259218]
932;0;1;[0.40451291658818, 0.59548708341182]
256;1;1;[0.19488947106509613, 0.8051105289349039]
25;0;0;[0.9417785854188113, 0.05822141458118871]
336;1;1;[0.05245315503115133, 0.9475468449688487]
572;0;0;[0.9378756134574074, 0.06212438654259259]
47;0;0;[0.6980406908444217, 0.30195930915557834]
106;0;0;[0.7752392137903368, 0.22476078620966317]
349;1;1;[0.05641393020206098, 0.943586069797939]
55;1;1;[0.42356368400671773, 0.5764363159932823]
886;1;1;[0.4323691945304756, 0.5676308054695244]
213;0;1;[0.2859375949138152, 0.7140624050861848]
120;0;0;[0.9999703164024782, 2.9683597521702927e-05]
1033;1;1;[0.3494468782572011, 0.6505531217427989]
1118;1;1;[0.2637386673874599, 0.7362613326125401]
72;0;0;[0.7057074806180974, 0.29429251938190254]
1359;1;1;[0.11564847097034803, 0.884351529029652]
1172;1;1;[0.18556888248681036, 0.8144311175131896]
787;0;0;[0.8148144342904647, 0.18518556570953523]
45;1;1;[0.22054205538671234, 0.7794579446132877]
1324;0;1;[0.30245718259957555, 0.6975428174004245]
523;0;0;[0.939878292185814, 0.06012170781418603]
952;1;1;[0.3823291164291268, 0.6176708835708732]
1333;1;1;[0.12621340544652482, 0.8737865945534752]
1046;1;1;[0.3393741823021853, 0.6606258176978147]
869;0;1;[0.4379932540467901, 0.5620067459532099]
533;0;0;[0.9393566063859569, 0.06064339361404314]
1187;1;1;[0.17748422095210903, 0.822515779047891]
603;0;0;[0.7981862378355167, 0.20181376216448327]
465;1;1;[0.09903790132473311, 0.9009620986752669]
893;1;1;[0.42753019222514443, 0.5724698077748556]
1336;1;1;[0.12489036080637472, 0.8751096391936253]
849;0;1;[0.45129380203715497, 0.548706197962845]
1027;0;0;[0.5769442192267673, 0.4230557807732327]
60;0;0;[0.7227396819380351, 0.27726031806196494]
970;1;1;[0.37242726296123707, 0.6275727370387629]
92;0;0;[0.6550668835429291, 0.3449331164570709]
666;0;0;[0.7885928160688846, 0.2114071839311153]
765;0;0;[0.8271064709067912, 0.17289352909320874]
194;1;1;[0.3013429397713091, 0.6986570602286909]
280;1;1;[0.13186777744720923, 0.8681322225527908]
695;0;0;[0.7740246039201558, 0.22597539607984418]
359;1;1;[0.05898596989997196, 0.941014030100028]
519;1;1;[0.4766506074707424, 0.5233493925292576]
1272;1;1;[0.3899775026582317, 0.6100224973417683]
839;1;1;[0.4594875105451054, 0.5405124894548946]
182;0;0;[0.8253662821864334, 0.17463371781356665]
1133;1;1;[0.2536254296608489, 0.7463745703391511]
1079;0;1;[0.31492619826624546, 0.6850738017337545]
110;1;0;[0.6653641493591524, 0.3346358506408475]
1219;0;1;[0.45173201205183977, 0.5482679879481602]
42;0;0;[0.6892586976987012, 0.31074130230129887]
746;0;0;[0.7306836601289641, 0.26931633987103587]
1178;1;1;[0.1823373410160143, 0.8176626589839857]
204;0;1;[0.28501118533123915, 0.7149888146687609]
900;1;1;[0.42280951635366915, 0.5771904836463309]
52;0;0;[0.9849320938671697, 0.015067906132830251]
1175;1;1;[0.1839777950886342, 0.8160222049113658]
545;0;0;[0.9386970983007312, 0.06130290169926882]
68;1;1;[0.15958348146497048, 0.8404165185350295]
1347;1;1;[0.12016524644801418, 0.8798347535519858]
1220;0;1;[0.4498868167686272, 0.5501131832313728]
939;0;1;[0.40008172419075194, 0.5999182758092481]
898;1;1;[0.42415745047209985, 0.5758425495279001]
183;0;0;[0.6058067840435004, 0.39419321595649964]
137;0;0;[0.986784584797832, 0.013215415202167922]
132;1;1;[0.2199795089385579, 0.7800204910614421]
80;1;1;[0.04365168238791539, 0.9563483176120846]
1268;1;1;[0.3973779358139815, 0.6026220641860185]
105;1;0;[0.6361168305599957, 0.3638831694400043]
1255;0;1;[0.3905635668098648, 0.6094364331901352]
541;0;0;[0.9389105138744313, 0.06108948612556876]
809;0;0;[0.8035571822747809, 0.1964428177252191]
480;1;1;[0.10681620353169263, 0.8931837964683074]
165;0;1;[0.498884051925056, 0.501115948074944]
248;1;1;[0.11385068920034902, 0.886149310799651]
307;1;1;[0.04627037753362295, 0.953729622466377]
446;1;1;[0.08850620964096101, 0.911493790359039]
1258;0;1;[0.38517904417075055, 0.6148209558292494]
334;1;1;[0.051985999007445494, 0.9480140009925545]
1505;0;1;[0.4805003642727642, 0.5194996357272358]
97;0;0;[0.9997893212573703, 0.00021067874262969814]
1160;0;1;[0.1915528268697262, 0.8084471731302738]
1545;1;1;[0.1354470667224349, 0.8645529332775651]
737;0;0;[0.7351948961163883, 0.26480510388361167]
1223;1;1;[0.4443596960064876, 0.5556403039935124]
918;0;1;[0.4111489289069227, 0.5888510710930773]
421;1;1;[0.08100495959260612, 0.9189950404073939]
102;1;0;[0.5201774857022552, 0.47982251429774486]
434;0;1;[0.08375531143268256, 0.9162446885673174]
74;1;0;[0.5451012411407656, 0.4548987588592344]
1403;0;0;[0.6099021663647739, 0.39009783363522604]
1433;0;0;[0.5610485235829907, 0.43895147641700927]
1422;0;0;[0.5776258895443878, 0.4223741104556122]
302;1;1;[0.14613778914931164, 0.8538622108506884]
1352;1;1;[0.11848261719504205, 0.881517382804958]
1320;0;1;[0.3090908851134805, 0.6909091148865195]
1279;1;1;[0.3771738844214666, 0.6228261155785334]
762;1;0;[0.8287524997896584, 0.1712475002103416]
733;0;0;[0.7383049126217804, 0.2616950873782196]
388;1;1;[0.06786624417660714, 0.9321337558233929]
235;1;1;[0.28825947208370195, 0.711740527916298]
1302;0;1;[0.3381128415774566, 0.6618871584225434]
267;1;1;[0.2035939544873755, 0.7964060455126245]
305;1;1;[0.04586035271643396, 0.954139647283566]
864;0;1;[0.4415499442191053, 0.5584500557808947]
117;1;0;[0.6210562923750478, 0.37894370762495216]
1522;1;1;[0.14728263877002645, 0.8527173612299735]
673;0;0;[0.7846783908938866, 0.21532160910611348]
249;1;1;[0.1143918781569232, 0.8856081218430768]
1138;1;1;[0.2502255097024636, 0.7497744902975364]
1239;0;1;[0.4169929135647539, 0.5830070864352461]
71;1;0;[0.776297410191316, 0.22370258980868396]
94;0;0;[0.692057047706675, 0.30794295229332497]
930;0;1;[0.40577535492135997, 0.59422464507864]
33;0;0;[0.8835827236721732, 0.11641727632782682]
799;0;0;[0.8076950166779718, 0.1923049833220282]
1146;1;1;[0.24499837453407824, 0.7550016254659218]
448;1;1;[0.08938278415744016, 0.9106172158425598]
445;1;1;[0.08807212617035409, 0.9119278738296459]
771;0;0;[0.8237675374833874, 0.17623246251661262]
716;1;0;[0.7507650495052793, 0.24923495049472066]
1201;1;1;[0.1704288203952572, 0.8295711796047428]
1410;0;0;[0.5991697162780647, 0.4008302837219353]
988;0;1;[0.3650102985578606, 0.6349897014421394]
1185;1;1;[0.17855386478192292, 0.8214461352180771]
77;1;1;[0.045802588426587576, 0.9541974115734124]
84;0;0;[0.9824380988959297, 0.01756190110407031]
916;0;1;[0.41244083916142726, 0.5875591608385727]
82;1;1;[0.20873880051503424, 0.7912611994849658]
457;1;1;[0.09344172467413381, 0.9065582753258662]
1007;0;1;[0.45119328177538776, 0.5488067182246122]
676;0;0;[0.7829508141002333, 0.2170491858997667]
1506;0;1;[0.4786430707239916, 0.5213569292760084]
1120;1;1;[0.2623423112871818, 0.7376576887128182]
436;0;1;[0.08458632744237304, 0.915413672557627]
770;0;0;[0.8243275255127572, 0.17567247448724277]
644;0;0;[0.7959677237172459, 0.20403227628275408]
862;0;1;[0.44299237774222, 0.55700762225778]
1209;0;1;[0.4702487294750747, 0.5297512705249253]
994;1;1;[0.36183458632048815, 0.6381654136795119]
1247;1;1;[0.40253885687019053, 0.5974611431298095]
1169;1;1;[0.1871430229382368, 0.8128569770617632]
404;1;1;[0.07332402559049178, 0.9266759744095082]
1362;1;1;[0.11445792060689108, 0.8855420793931089]
1022;0;0;[0.737896756686913, 0.26210324331308704]
1246;0;1;[0.40435803546660165, 0.5956419645333983]
104;0;0;[0.677747430219551, 0.3222525697804491]
609;0;0;[0.798433807452036, 0.201566192547964]
1373;1;1;[0.11066338223738958, 0.8893366177626104]
688;0;0;[0.7783672915959099, 0.22163270840409008]
1430;0;0;[0.5665345883624181, 0.4334654116375819]
826;1;1;[0.4709706340306403, 0.5290293659693597]
1252;0;1;[0.3959741202223296, 0.6040258797776704]
1080;0;1;[0.3141740077474112, 0.6858259922525888]
62;1;1;[0.15891686908890013, 0.8410831309110999]
281;1;1;[0.13248345664773753, 0.8675165433522625]
852;0;1;[0.44879951633468484, 0.5512004836653152]
778;0;0;[0.8198083002430878, 0.1801916997569122]
1058;0;1;[0.330613510731288, 0.669386489268712]
238;1;1;[0.2885797766172088, 0.7114202233827912]
223;1;1;[0.28698376558211025, 0.7130162344178897]
145;0;0;[0.9996749074703978, 0.00032509252960227677]
1461;1;0;[0.5571587902468556, 0.4428412097531444]
373;1;1;[0.06336849597537242, 0.9366315040246276]
1284;1;1;[0.36815289901152093, 0.6318471009884791]
118;0;0;[0.77095636106857, 0.22904363893142998]
1177;1;1;[0.18288289268291968, 0.8171171073170803]
1174;1;1;[0.18452571834682385, 0.8154742816531761]
250;1;1;[0.11493596602684553, 0.8850640339731545]
1509;1;1;[0.1549247556674367, 0.8450752443325633]
1417;0;0;[0.5866551665988708, 0.4133448334011291]
978;1;1;[0.3680392791330367, 0.6319607208669633]
9;0;0;[0.9782383621694418, 0.0217616378305582]
449;1;1;[0.08982510344023609, 0.9101748965597639]
967;1;1;[0.37408843333196895, 0.625911566668031]
708;1;0;[0.7565217216819042, 0.24347827831809576]
255;1;1;[0.11769104938251784, 0.8823089506174822]
882;1;1;[0.4352483177559724, 0.5647516822440276]
593;0;0;[0.7979266125664578, 0.20207338743354222]
389;1;1;[0.06819594197370027, 0.9318040580262997]
1234;0;1;[0.42602446796551785, 0.5739755320344821]
1309;1;1;[0.3274203915174704, 0.6725796084825296]
557;0;0;[0.937975584660427, 0.062024415339573064]
908;0;1;[0.4176709320542833, 0.5823290679457167]
1346;1;1;[0.12058606228869595, 0.879413937711304]
922;0;1;[0.41084408700408204, 0.589155912995918]
460;1;1;[0.09483194358490099, 0.905168056415099]
723;0;0;[0.7459327364526601, 0.2540672635473399]
1444;0;0;[0.5408149687862607, 0.45918503121373927]
144;0;0;[0.9996746133181473, 0.00032538668185270726]
501;0;0;[0.817868911243085, 0.18213108875691503]
1144;1;1;[0.2462814681486437, 0.7537185318513563]
739;0;0;[0.7336310493509957, 0.26636895064900434]
1447;0;0;[0.5352704096872583, 0.4647295903127417]
868;0;1;[0.43870446036192157, 0.5612955396380784]
731;0;0;[0.7398510496359576, 0.26014895036404234]
539;0;0;[0.939038409513313, 0.060961590486687055]
177;1;1;[0.476575300697587, 0.523424699302413]
1511;1;1;[0.15370456504343433, 0.8462954349565657]
697;0;0;[0.7727673937747496, 0.22723260622525043]
1457;1;0;[0.5645046290660494, 0.43549537093395063]
1091;1;1;[0.2826437530423773, 0.7173562469576227]
1261;0;1;[0.3798253176707368, 0.6201746823292632]
985;0;1;[0.3666187710134232, 0.6333812289865768]
1560;1;1;[0.1285855470495818, 0.8714144529504182]
7;0;0;[0.9830099875234856, 0.016990012476514462]
946;1;1;[0.3857085875194074, 0.6142914124805926]
667;0;0;[0.7880375335544102, 0.21196246644558983]
1212;0;1;[0.4646827601675445, 0.5353172398324555]
357;1;1;[0.058462919184375295, 0.9415370808156247]
783;0;0;[0.8171341865487147, 0.18286581345128525]
735;0;0;[0.7367528560782397, 0.26324714392176035]
329;1;1;[0.05083525800534361, 0.9491647419946564]
1097;1;1;[0.27825186595121354, 0.7217481340487865]
1200;1;1;[0.17092725041293289, 0.8290727495870671]
1167;0;1;[0.18782114281577333, 0.8121788571842267]
258;1;1;[0.1965693344070103, 0.8034306655929897]
964;1;1;[0.37575773308660965, 0.6242422669133904]
1228;1;1;[0.43699360324329306, 0.5630063967567069]
372;1;1;[0.0630609837926599, 0.9369390162073401]
1151;1;1;[0.19643346810845763, 0.8035665318915424]
1311;0;1;[0.3240636467737358, 0.6759363532262642]
142;0;0;[0.999674019753653, 0.00032598024634698954]
525;0;0;[0.9397751440912241, 0.06022485590877594]
1188;1;1;[0.17701059470186642, 0.8229894052981336]
232;1;1;[0.2879393791756192, 0.7120606208243808]
1334;1;1;[0.12577116260032228, 0.8742288373996777]
1486;0;0;[0.5125377942795275, 0.4874622057204725]
440;0;1;[0.0862716353969698, 0.9137283646030302]
531;0;0;[0.9394619639610869, 0.0605380360389131]
1380;1;1;[0.10802476400338923, 0.8919752359966108]
226;1;1;[0.28729982895409645, 0.7127001710459036]
1078;0;1;[0.31567936073820124, 0.6843206392617988]
228;0;1;[0.2875129181372371, 0.7124870818627629]
1338;1;1;[0.12401792175307902, 0.875982078246921]
1356;1;1;[0.11685272533431845, 0.8831472746656815]
212;1;1;[0.28583374387392735, 0.7141662561260727]
885;1;1;[0.43308855501750365, 0.5669114449824963]
79;0;0;[0.6248171081262363, 0.37518289187376375]
148;0;0;[0.999675771442878, 0.00032422855712202866]
814;0;0;[0.8006381775866701, 0.19936182241332992]
1181;1;1;[0.18070827498758357, 0.8192917250124164]
1001;0;1;[0.4532195816810617, 0.5467804183189383]
671;0;0;[0.7858027559871836, 0.21419724401281642]
1355;1;1;[0.11725714406385668, 0.8827428559361433]
555;0;0;[0.9380964640956295, 0.06190353590437047]
1137;1;1;[0.25090305619034436, 0.7490969438096556]
133;1;1;[0.3088222982665324, 0.6911777017334676]
1157;0;1;[0.19316934878606629, 0.8068306512139337]
933;0;1;[0.4038782556229895, 0.5961217443770105]
1331;1;1;[0.12710183267155217, 0.8728981673284478]
823;1;1;[0.4736435895583304, 0.5263564104416696]
408;1;1;[0.0760948504931318, 0.9239051495068682]
368;1;1;[0.06187821034682761, 0.9381217896531724]
507;0;0;[0.6198572755929486, 0.38014272440705144]
1235;0;1;[0.42420439903535756, 0.5757956009646424]
504;1;0;[0.6017048398289586, 0.39829516017104133]
1392;0;0;[0.6290003846841568, 0.37099961531584325]
347;1;1;[0.05591233158675468, 0.9440876684132453]
1387;1;1;[0.10544791253946473, 0.8945520874605353]
386;1;1;[0.06721127831380636, 0.9327887216861936]
0;0;0;[0.989258380476942, 0.01074161952305795]
1408;0;0;[0.6027231676426742, 0.3972768323573258]
360;1;1;[0.0592491372182159, 0.9407508627817841]
894;1;1;[0.42685509424939927, 0.5731449057506007]
828;1;1;[0.4691895786385195, 0.5308104213614805]
1500;0;1;[0.4898171547909679, 0.5101828452090321]
475;1;1;[0.10416275554848697, 0.895837244451513]
1339;1;1;[0.12358411682528792, 0.8764158831747121]
57;0;0;[0.6614031269205995, 0.3385968730794005]
637;0;0;[0.8002806920468297, 0.19971930795317022]
1365;1;1;[0.11327971117392843, 0.8867202888260716]
1562;1;1;[0.12761968701268045, 0.8723803129873196]
652;0;0;[0.7942480554604769, 0.20575194453952303]
172;0;1;[0.3840597814372604, 0.6159402185627396]
450;1;1;[0.09026939460102235, 0.9097306053989777]
125;0;0;[0.9999982517268091, 1.7482731908709646e-06]
38;0;1;[0.34223261749948786, 0.6577673825005121]
530;0;0;[0.9395144500714696, 0.06048554992853036]
857;0;1;[0.44468044778938276, 0.5553195522106172]
713;1;0;[0.75293440990269, 0.24706559009731005]
90;0;0;[0.9997952089983438, 0.00020479100165615407]
1547;1;1;[0.1344300221243333, 0.8655699778756667]
181;0;0;[0.9489342302099371, 0.051065769790062984]
875;0;1;[0.433731464507493, 0.566268535492507]
1277;1;1;[0.38080664377449613, 0.6191933562255039]
786;0;0;[0.8153964959661191, 0.18460350403388096]
414;1;1;[0.07832234611314381, 0.9216776538868562]
251;1;1;[0.1154824550289385, 0.8845175449710615]
69;0;1;[0.3739657413481856, 0.6260342586518144]
803;0;0;[0.8071634357062708, 0.1928365642937292]
131;0;0;[0.8177563225848503, 0.18224367741514974]
300;0;1;[0.14457647786017713, 0.8554235221398229]
1067;0;1;[0.3236939763097937, 0.6763060236902063]
326;1;1;[0.05015642779831586, 0.9498435722016841]
1531;1;1;[0.14278635662158856, 0.8572136433784114]
1455;1;0;[0.5681671634939214, 0.4318328365060786]
499;1;0;[0.6161541173979104, 0.3838458826020897]
338;1;1;[0.05292427465041738, 0.9470757253495826]
28;0;0;[0.993865542112709, 0.006134457887290891]
1040;1;1;[0.3440486123505211, 0.6559513876494789]
1424;0;0;[0.5740085975587664, 0.42599140244123357]
945;1;1;[0.38627979657764067, 0.6137202034223593]
169;1;1;[0.31470931992220497, 0.685290680077795]
912;0;1;[0.41504128216600045, 0.5849587178339996]
491;1;1;[0.12203519699184562, 0.8779648030081544]
953;1;1;[0.3817689514321905, 0.6182310485678095]
1032;1;1;[0.35022126147449395, 0.649778738525506]
587;0;0;[0.797542571025122, 0.202457428974878]
750;0;0;[0.7275195753041332, 0.2724804246958667]
657;0;0;[0.7931677591784084, 0.20683224082159155]
234;0;1;[0.2881527509248448, 0.7118472490751552]
732;0;0;[0.7390787220573578, 0.26092127794264225]
1458;1;0;[0.5626706927788363, 0.43732930722116375]
1283;1;1;[0.3699499603825027, 0.6300500396174973]
934;0;1;[0.4032426266532865, 0.5967573733467135]
108;1;0;[0.5518569689981754, 0.4481430310018246]
568;0;0;[0.9381185187920563, 0.06188148120794367]
890;1;1;[0.4295607501658587, 0.5704392498341413]
947;1;1;[0.38513783811693636, 0.6148621618830636]
1057;0;1;[0.33138696189340466, 0.6686130381065953]
884;1;1;[0.43380819766875467, 0.5661918023312453]
1322;1;1;[0.3057639672212181, 0.6942360327787819]
850;0;1;[0.4504534968199846, 0.5495465031800154]
734;0;0;[0.7375296232960227, 0.2624703767039774]
717;1;0;[0.7500391081113935, 0.24996089188860654]
454;1;1;[0.09206981311552387, 0.9079301868844761]
264;1;1;[0.12280002160699333, 0.8771999783930067]
75;0;0;[0.9897630613928023, 0.010236938607197646]
444;1;1;[0.08798729416530227, 0.9120127058346977]
395;1;1;[0.07020548546333638, 0.9297945145366636]
176;0;0;[0.613612673869736, 0.38638732613026405]
1042;1;1;[0.34249483131891, 0.65750516868109]
1507;0;1;[0.4767861756565057, 0.5232138243434943]
1098;1;1;[0.2775241691276603, 0.7224758308723397]
1361;1;1;[0.11485358022923431, 0.8851464197707657]
595;0;0;[0.7980335300505064, 0.20196646994949366]
61;0;0;[0.6351371168850954, 0.3648628831149046]
872;0;1;[0.4358611748435979, 0.5641388251564021]
1170;1;1;[0.18661668518839303, 0.813383314811607]
1469;0;0;[0.5441282861062232, 0.4558717138937768]
278;1;1;[0.13064369838332557, 0.8693563016166744]
36;0;0;[0.689091881676924, 0.3109081183230759]
662;0;0;[0.7907639148840911, 0.20923608511590885]
1414;0;0;[0.5920353142481467, 0.40796468575185324]
1132;1;1;[0.25431092507048636, 0.7456890749295136]
977;1;1;[0.36858296804104806, 0.6314170319589519]
738;0;0;[0.7344137075259822, 0.26558629247401777]
191;0;0;[0.7425590021795431, 0.25744099782045693]
919;1;1;[0.41050343169838066, 0.5894965683016193]
456;1;1;[0.09298239558470078, 0.9070176044152992]
675;0;0;[0.7835300327805118, 0.21646996721948822]
760;0;0;[0.7194164552084774, 0.28058354479152253]
1415;0;0;[0.5902455092410457, 0.4097544907589543]
728;0;0;[0.7421500840719826, 0.25784991592801737]
412;1;1;[0.07757308148357278, 0.9224269185164272]
825;1;1;[0.47186144185101964, 0.5281385581489804]
616;0;0;[0.7984891543510725, 0.20151084564892752]
114;0;0;[0.5359084731566466, 0.4640915268433534]
417;1;1;[0.07945888632811138, 0.9205411136718886]
1491;0;0;[0.5066316923514114, 0.49336830764858863]
969;1;1;[0.3729796193229109, 0.6270203806770891]
604;0;0;[0.7982326227503886, 0.2017673772496113]
1497;0;1;[0.4954213194971122, 0.5045786805028878]
89;0;0;[0.9978802603936447, 0.0021197396063552766]
848;0;1;[0.4521355690560631, 0.5478644309439369]
1196;1;1;[0.17293254430654037, 0.8270674556934596]
1496;0;1;[0.4972896996787147, 0.5027103003212853]
753;0;0;[0.7251313116781133, 0.27486868832188677]
498;1;0;[0.6006498829399236, 0.39935011706007645]
11;0;0;[0.9954201156283345, 0.004579884371665482]
396;1;1;[0.07054568735664213, 0.9294543126433579]
284;1;1;[0.2190208992846463, 0.7809791007153537]
1066;0;1;[0.3244590860530523, 0.6755409139469477]
690;0;0;[0.777138850927268, 0.22286114907273205]
1286;1;1;[0.3645697787141604, 0.6354302212858396]
1466;1;0;[0.5479415831196424, 0.4520584168803576]
689;0;0;[0.7777569100989941, 0.22224308990100589]
851;0;1;[0.4496262281829586, 0.5503737718170414]
159;1;1;[0.03995801581196878, 0.9600419841880312]
895;1;1;[0.426180268686452, 0.573819731313548]
1251;0;1;[0.3977833835413864, 0.6022166164586136]
257;1;1;[0.19572803911803927, 0.8042719608819607]
335;1;1;[0.052219083402021194, 0.9477809165979788]
1470;0;0;[0.5422781182491574, 0.45772188175084266]
1039;1;1;[0.3448173549780902, 0.6551826450219098]
515;1;1;[0.475439095712355, 0.524560904287645]
1015;0;0;[0.5676693109756783, 0.43233068902432165]
768;0;0;[0.8254432992701902, 0.1745567007298098]
1375;1;1;[0.10990357351730928, 0.8900964264826907]
761;0;0;[0.8293059525830223, 0.1706940474169777]
1155;0;1;[0.19425278207276853, 0.8057472179272315]
521;0;0;[0.9399812748995842, 0.06001872510041581]
22;0;0;[0.9887445762229958, 0.011255423777004196]
356;1;1;[0.05820302796163801, 0.941796972038362]
1330;1;1;[0.1275480467021538, 0.8724519532978462]
340;1;1;[0.05339938726886273, 0.9466006127311373]
431;0;1;[0.08252370753497118, 0.9174762924650288]
473;1;1;[0.10311778498638924, 0.8968822150136108]
217;1;1;[0.28635322520584006, 0.7136467747941599]
911;0;1;[0.41569824724205073, 0.5843017527579493]
1260;0;1;[0.38160653113473875, 0.6183934688652613]
1011;0;0;[0.8078060613991082, 0.19219393860089182]
1524;1;1;[0.14614791529942794, 0.8538520847005721]
93;0;0;[0.5985254029811165, 0.4014745970188836]
1008;0;1;[0.4356331258357862, 0.5643668741642138]
1070;0;1;[0.3217405275482854, 0.6782594724517146]
1092;1;1;[0.2819086580984027, 0.7180913419015973]
696;0;0;[0.7733966509473151, 0.22660334905268484]
1404;0;0;[0.6081443713514355, 0.3918556286485645]
996;1;1;[0.3607899210638945, 0.6392100789361055]
153;0;1;[0.24489376367694715, 0.7551062363230528]
1099;1;1;[0.27679764554959085, 0.7232023544504091]
1358;1;1;[0.11604786455132488, 0.8839521354486751]
1565;1;1;[0.12618828321823405, 0.873811716781766]
789;0;0;[0.8136460587037379, 0.18635394129626215]
580;0;0;[0.93738585042399, 0.06261414957600998]
703;1;0;[0.7600208122253542, 0.23997918777464575]
1316;1;1;[0.3157519090997122, 0.6842480909002878]
487;1;1;[0.12012378450311456, 0.8798762154968854]
559;0;0;[0.9378544848201056, 0.06214551517989437]
1141;1;1;[0.2482189817629059, 0.7517810182370941]
1119;1;1;[0.26303989348079093, 0.7369601065192091]
801;0;0;[0.8083542675749786, 0.19164573242502134]
512;0;1;[0.4697405584561908, 0.5302594415438092]
633;0;0;[0.8009944213683479, 0.19900557863165214]
1159;0;1;[0.19209051768112806, 0.8079094823188719]
1400;0;0;[0.6151582890060301, 0.38484171099396997]
1150;0;1;[0.1969815208665645, 0.8030184791334355]
790;0;0;[0.8130597431815667, 0.1869402568184333]
116;1;0;[0.6677165413569734, 0.3322834586430266]
740;1;0;[0.7328469237472963, 0.26715307625270374]
1081;0;1;[0.3134227918700261, 0.6865772081299739]
830;1;1;[0.4674093077651862, 0.5325906922348138]
119;0;0;[0.9982807392282782, 0.001719260771721807]
656;0;0;[0.793384203075724, 0.206615796924276]
1488;0;0;[0.5122350831952411, 0.48776491680475886]
635;0;0;[0.8006896570143072, 0.1993103429856928]
369;1;1;[0.06216143511302874, 0.9378385648869713]
268;1;1;[0.12466742737385106, 0.8753325726261489]
655;0;0;[0.793600417353561, 0.20639958264643898]
935;0;1;[0.4026073224231953, 0.5973926775768047]
822;1;1;[0.4745403522331356, 0.5254596477668644]
866;0;1;[0.44012674769089877, 0.5598732523091012]
46;0;0;[0.8941186894390704, 0.1058813105609296]
1349;1;1;[0.11972349840365548, 0.8802765015963445]
991;0;1;[0.36341480234022605, 0.636585197659774]
876;0;1;[0.4330221006045534, 0.5669778993954466]
773;0;0;[0.822643353692337, 0.177356646307663]
1567;1;1;[0.12524689078756024, 0.8747531092124398]
4;0;0;[0.9989586616298457, 0.0010413383701542577]
1003;1;1;[0.34302452504857506, 0.6569754749514249]
1360;1;1;[0.11525042956839215, 0.8847495704316078]
263;1;1;[0.12222300329812952, 0.8777769967018705]
1237;0;1;[0.4205904307313354, 0.5794095692686646]
1432;0;0;[0.5628789387202845, 0.4371210612797155]
443;0;1;[0.087555511273399, 0.912444488726601]
1002;1;1;[0.43837317085205063, 0.5616268291479494]
1077;0;1;[0.3164334924561534, 0.6835665075438466]
837;1;1;[0.4612384948573993, 0.5387615051426007]
1402;0;0;[0.6116571114474554, 0.3883428885525446]
304;1;1;[0.1477208764906196, 0.8522791235093804]
1227;0;1;[0.43701179505099463, 0.5629882049490054]
313;1;1;[0.04752147716858823, 0.9524785228314118]
149;0;0;[0.999676051637311, 0.0003239483626889849]
1148;0;1;[0.1980810863210528, 0.8019189136789472]
574;0;0;[0.9377538271773277, 0.06224617282267226]
50;1;1;[0.08855731387290167, 0.9114426861270983]
1343;1;1;[0.12186191366419707, 0.8781380863358029]
726;0;0;[0.7436675447671104, 0.25633245523288967]
833;1;1;[0.4647534633630973, 0.5352465366369027]
1115;1;1;[0.265842124409154, 0.734157875590846]
1166;0;1;[0.18835079917146424, 0.8116492008285358]
470;1;1;[0.10156783653981061, 0.8984321634601894]
971;1;1;[0.37187541045654815, 0.6281245895434519]
653;0;0;[0.7940323435391813, 0.20596765646081872]
399;1;1;[0.07157545262763765, 0.9284245473723624]
511;0;1;[0.4764971203077012, 0.5235028796922988]
320;1;1;[0.04902298373798164, 0.9509770162620184]
19;0;0;[0.811543828173519, 0.188456171826481]
684;0;0;[0.7807252205831379, 0.2192747794168621]
35;0;0;[0.9661724925398057, 0.033827507460194216]
902;1;1;[0.42164958046017087, 0.5783504195398291]
827;1;1;[0.4700800110825589, 0.5299199889174411]
1407;0;0;[0.6028540837181571, 0.397145916281843]
407;1;1;[0.07572940960777286, 0.9242705903922271]
920;1;1;[0.40985824253879066, 0.5901417574612093]
537;0;0;[0.9391446482236739, 0.060855351776326075]
758;0;0;[0.7211409256025935, 0.27885907439740654]
1062;0;1;[0.3275288834879878, 0.6724711165120122]
1199;1;1;[0.1714268368965255, 0.8285731631034745]
245;0;1;[0.11224060805062108, 0.8877593919493789]
1127;1;1;[0.25747857914596095, 0.742521420854039]
784;0;0;[0.8165563712384378, 0.18344362876156212]
489;0;1;[0.4455695473266684, 0.5544304526733316]
154;1;1;[0.24537870663649985, 0.7546212933635001]
961;0;1;[0.3774344853482018, 0.6225655146517982]
853;0;1;[0.44797352974601046, 0.5520264702539895]
625;0;0;[0.8011261709337728, 0.19887382906622722]
685;0;0;[0.780140602839066, 0.21985939716093397]
569;0;0;[0.9380578757537884, 0.06194212424621159]
1489;0;0;[0.5103675583133949, 0.4896324416866051]
17;0;0;[0.9419319074103144, 0.058068092589685566]
127;1;1;[8.66552825939948e-07, 0.9999991334471741]
1540;1;1;[0.1380239039718706, 0.8619760960281294]
927;0;1;[0.40767134538143257, 0.5923286546185674]
980;1;1;[0.3669648832728245, 0.6330351167271755]
1536;1;1;[0.14012294152642601, 0.859877058473574]
190;0;0;[0.9595135120316671, 0.04048648796833289]
1139;1;1;[0.249549183358998, 0.750450816641002]
992;0;1;[0.3628850676275932, 0.6371149323724068]
1529;1;1;[0.14386275643315494, 0.8561372435668451]
1308;1;1;[0.3291067025210289, 0.6708932974789711]
606;0;0;[0.7983239929709468, 0.2016760070290532]
180;0;0;[0.9903264341707345, 0.009673565829265438]
301;0;1;[0.14535478962830095, 0.854645210371699]
496;1;1;[0.12398436366187915, 0.8760156363381209]
1350;1;1;[0.11930740959627506, 0.8806925904037249]
1313;0;1;[0.3207252006978377, 0.6792747993021623]
1293;0;1;[0.3537628757097582, 0.6462371242902418]
517;1;0;[0.7167668643375583, 0.2832331356624417]
1069;1;1;[0.3225034054342899, 0.6774965945657101]
476;1;1;[0.1046887423702273, 0.8953112576297727]
157;1;1;[0.24683741973399664, 0.7531625802660034]
1243;0;1;[0.4098246860472169, 0.5901753139527831]
1195;1;1;[0.17343676576672662, 0.8265632342332734]
16;0;0;[0.9888353300678346, 0.011164669932165389]
1072;0;1;[0.3202185936724157, 0.6797814063275843]
1543;1;1;[0.13647099716044286, 0.8635290028395571]
546;0;0;[0.9386436356208372, 0.06135636437916277]
658;0;0;[0.7926419752023831, 0.2073580247976169]
1386;1;1;[0.1058115118218631, 0.8941884881781369]
1019;0;0;[0.7385739357350624, 0.26142606426493764]
1314;0;1;[0.3190628369577492, 0.6809371630422508]
959;1;1;[0.3784029640458394, 0.6215970359541606]
1472;0;0;[0.538574332369135, 0.46142566763086496]
283;1;1;[0.21808141947230109, 0.7819185805276989]
797;0;0;[0.8088977627109291, 0.191102237289071]
225;0;1;[0.2871941083986529, 0.7128058916013471]
26;0;0;[0.8794610641871635, 0.12053893581283644]
437;0;1;[0.08500483183762231, 0.9149951681623777]
1523;1;1;[0.14671436863318255, 0.8532856313668175]
229;1;1;[0.2876194980727417, 0.7123805019272583]
37;1;0;[0.6046636403024815, 0.39533635969751846]
749;0;0;[0.7283127727319951, 0.2716872272680048]
1045;1;1;[0.3401535264310175, 0.6598464735689825]
469;1;1;[0.10105577374066699, 0.898944226259333]
1538;1;1;[0.13906884570286804, 0.860931154297132]
1539;1;1;[0.13854541956164224, 0.8614545804383578]
687;0;0;[0.7789680118530656, 0.22103198814693434]
1441;0;0;[0.5463494410188701, 0.4536505589811299]
639;0;0;[0.7998714306293201, 0.2001285693706799]
1353;1;1;[0.11807232892622199, 0.881927671073778]
1218;0;1;[0.45357853537937187, 0.5464214646206281]
1158;0;1;[0.19262935817329596, 0.807370641826704]
1307;1;1;[0.3295939842987289, 0.6704060157012711]
1426;0;0;[0.5703655770079439, 0.4296344229920562]
800;0;0;[0.8070914844038926, 0.1929085155961074]
160;1;1;[0.04001437439058353, 0.9599856256094165]
956;1;1;[0.38008451619714645, 0.6199154838028536]
1186;1;1;[0.1780184134741607, 0.8219815865258393]
821;0;1;[0.47545506432320317, 0.5245449356767968]
1329;1;1;[0.1279955975453302, 0.8720044024546698]
877;0;1;[0.4323130111466874, 0.5676869888533126]
913;0;1;[0.4143846190200132, 0.5856153809799868]
152;0;1;[0.24440946870381974, 0.7555905312961803]
1436;0;0;[0.555547496690836, 0.444452503309164]
509;0;0;[0.7153385017358649, 0.28466149826413517]
1135;1;1;[0.25226180510933316, 0.7477381948906668]
1250;1;1;[0.39959544472547603, 0.600404555274524]
1315;0;1;[0.31740506335616014, 0.6825949366438399]
103;1;1;[0.4629544336050001, 0.5370455663949999]
586;0;0;[0.7974665307978016, 0.20253346920219836]
1388;0;0;[0.6358325401253075, 0.3641674598746924]
1143;1;1;[0.24692617299048003, 0.75307382700952]
53;0;0;[0.9213078920286611, 0.07869210797133881]
151;0;1;[0.24392582207894575, 0.7560741779210542]
403;1;1;[0.07297103617282452, 0.9270289638271755]
1520;1;1;[0.14842464099659236, 0.8515753590034076]
207;0;1;[0.28531610200777113, 0.7146838979922289]
1480;1;0;[0.5237210304438331, 0.4762789695561669]
1122;1;1;[0.26095072788625306, 0.7390492721137469]
1377;1;1;[0.10914863641479688, 0.8908513635852031]
8;0;0;[0.9284834884984, 0.07151651150160003]
1014;0;0;[0.8074304396404226, 0.19256956035957745]
1406;0;0;[0.6046203960761618, 0.3953796039238382]
1060;0;1;[0.3290693554913019, 0.6709306445086981]
452;1;1;[0.0911652870153028, 0.9088347129846972]
253;1;1;[0.11658221238808353, 0.8834177876119165]
896;1;1;[0.4255057179380991, 0.5744942820619009]
1566;1;1;[0.1257164723239339, 0.8742835276760661]
880;0;1;[0.43023357311650556, 0.5697664268834944]
1476;1;0;[0.5311543755506256, 0.46884562444937444]
623;0;0;[0.8011520830900093, 0.1988479169099907]
345;1;1;[0.055414930961807385, 0.9445850690381926]
1345;1;1;[0.12100977698191129, 0.8789902230180887]
262;1;1;[0.1999618127213687, 0.8000381872786313]
1321;0;1;[0.30742492341811045, 0.6925750765818895]
150;0;0;[0.9996763315896818, 0.00032366841031821326]
472;1;1;[0.10259886960494657, 0.8974011303950534]
640;1;0;[0.7996664391842602, 0.20033356081573986]
1552;1;1;[0.13253465326462766, 0.8674653467353723]
1473;0;0;[0.5367208152846487, 0.46327918471535134]
550;0;0;[0.9383985503338115, 0.061601449666188524]
928;0;1;[0.4070390400845292, 0.5929609599154708]
488;0;1;[0.11764699404030499, 0.882353005959695]
1419;0;0;[0.5830500863863579, 0.41694991361364214]
1171;1;1;[0.1860920054178825, 0.8139079945821175]
146;0;0;[0.9996752001133165, 0.0003247998866835094]
402;1;1;[0.0726197700090433, 0.9273802299909567]
954;1;1;[0.3812071548735315, 0.6187928451264685]
1468;0;0;[0.5459772368259816, 0.4540227631740184]
659;1;0;[0.7921152049530353, 0.2078847950469646]
463;1;1;[0.09626718745467688, 0.9037328125453231]
186;0;0;[0.7995590160305388, 0.20044098396946114]
1147;1;1;[0.24436070807133803, 0.755639291928662]
1224;0;1;[0.44252030894741445, 0.5574796910525855]
608;0;0;[0.7983980861285229, 0.2016019138714771]
143;0;0;[0.999674316671079, 0.0003256833289210092]
751;0;0;[0.7267249310285333, 0.2732750689714667]
981;0;1;[0.36876802759701544, 0.6312319724029846]
197;1;1;[0.28430568543328116, 0.7156943145667188]
883;1;1;[0.434528119558408, 0.565471880441592]
279;1;1;[0.13125452654446756, 0.8687454734555324]
293;0;1;[0.2309130524202334, 0.7690869475797666]
1427;0;0;[0.568540742967784, 0.43145925703221594]
400;1;1;[0.07192190931232201, 0.928078090687678]
122;1;0;[0.6742166809434113, 0.32578331905658875]
1207;1;1;[0.16747765541233606, 0.8325223445876639]
202;1;1;[0.2848095065246886, 0.7151904934753114]
835;1;1;[0.4629955194018157, 0.5370044805981843]
246;1;1;[0.1127750795061353, 0.8872249204938647]
1485;1;0;[0.5144049173802605, 0.4855950826197395]
1471;0;0;[0.5404267835342031, 0.4595732164657968]
1153;0;1;[0.19534082081913862, 0.8046591791808614]
384;0;1;[0.06684429474655562, 0.9331557052534444]
1381;1;1;[0.10765240599030812, 0.8923475940096919]
854;0;1;[0.44714783012778814, 0.5528521698722119]
219;0;1;[0.28656286137887244, 0.7134371386211276]
641;1;0;[0.7966098374522446, 0.2033901625477555]
1;0;0;[0.9833563718013132, 0.016643628198686863]
112;0;0;[0.7689933331425081, 0.231006666857492]
698;0;0;[0.7721410560627239, 0.22785894393727613]
1494;0;0;[0.501026634944544, 0.4989733650554559]
951;1;1;[0.3828894199416233, 0.6171105800583767]
1376;0;1;[0.10952553451768265, 0.8904744654823173]
1291;0;1;[0.3572964453361781, 0.6427035546638219]
1416;0;0;[0.5884533104161616, 0.4115466895838385]
441;1;1;[0.08669768841017256, 0.9133023115898274]
1136;1;1;[0.2515818217051168, 0.7484181782948832]
1256;0;1;[0.38876594277064436, 0.6112340572293556]
663;0;0;[0.7902226816810137, 0.20977731831898624]
1435;0;0;[0.5573827540294651, 0.44261724597053487]
1257;0;1;[0.3869712882029903, 0.6130287117970097]
1391;0;0;[0.6307154661308829, 0.3692845338691171]
317;1;1;[0.0483734272023747, 0.9516265727976253]
648;0;0;[0.7951092288396303, 0.2048907711603697]
709;0;0;[0.7558070939024304, 0.2441929060975696]
1382;1;1;[0.10728158231996443, 0.8927184176800356]
1282;1;1;[0.37175063269164654, 0.6282493673083535]
972;1;1;[0.3713238918410958, 0.6286761081589042]
627;0;0;[0.8010994104231111, 0.19890058957688897]
632;0;0;[0.8010310483245435, 0.19896895167545645]
1306;1;1;[0.3312890471021539, 0.6687109528978461]
1248;0;1;[0.40320468041676905, 0.596795319583231]
1527;1;1;[0.14445980130562175, 0.8555401986943783]
1254;0;1;[0.39236416722647827, 0.6076358327735217]
1371;1;1;[0.11142890560809571, 0.8885710943919043]
1354;1;1;[0.11766327178509328, 0.8823367282149067]
1504;0;1;[0.482358196915742, 0.517641803084258]
1446;0;0;[0.5371196333364536, 0.46288036666354637]
795;0;0;[0.8100947549985213, 0.1899052450014787]
645;0;0;[0.795753351077112, 0.20424664892288807]
1012;0;0;[0.570811239918976, 0.42918876008102397]
556;0;0;[0.9380360519073814, 0.06196394809261859]
681;0;0;[0.7824723605624749, 0.21752763943752507]
577;0;0;[0.9375707297702931, 0.06242927022970689]
1109;1;1;[0.270102183784393, 0.729897816215607]
1266;0;1;[0.37096855227349534, 0.6290314477265047]
1183;1;1;[0.17962854720375454, 0.8203714527962455]
524;0;0;[0.9398267388252869, 0.06017326117471309]
1059;0;1;[0.32984097423640946, 0.6701590257635905]
540;0;0;[0.9389852251455424, 0.061014774854457575]
1194;1;1;[0.1739421481982576, 0.8260578518017424]
748;0;0;[0.7291045209161304, 0.2708954790838695]
1449;1;0;[0.5790648391376596, 0.4209351608623404]
484;1;1;[0.10899433338145459, 0.8910056666185454]
95;0;0;[0.7069845139266359, 0.29301548607336414]
1020;1;0;[0.7573906428620191, 0.24260935713798096]
563;0;0;[0.9384209029674857, 0.06157909703251428]
1264;0;1;[0.3745012324956982, 0.6254987675043018]
742;0;0;[0.7338245849044188, 0.2661754150955812]
863;0;1;[0.4422678958680858, 0.5577321041319142]
891;1;1;[0.4288828339380797, 0.5711171660619203]
1038;1;1;[0.34558692891638576, 0.6544130710836142]
206;1;1;[0.2852140194028664, 0.7147859805971336]
392;1;1;[0.06919396114052667, 0.9308060388594733]
794;0;0;[0.8106910951603593, 0.1893089048396407]
870;0;1;[0.43728230247075983, 0.5627176975292402]
397;1;1;[0.07088741211570038, 0.9291125878842996]
766;0;0;[0.8265534773799569, 0.17344652262004315]
1439;0;0;[0.5500328204564189, 0.4499671795435811]
1241;0;1;[0.4134042126259273, 0.5865957873740727]
1028;1;1;[0.3533266631863803, 0.6466733368136197]
642;1;0;[0.7963959668949919, 0.20360403310500805]
612;0;0;[0.7985074089880757, 0.20149259101192432]
960;1;1;[0.3778430934719321, 0.6221569065280679]
725;0;0;[0.7444240769463226, 0.2555759230536774]
683;0;0;[0.7813087195679752, 0.21869128043202482]
98;1;1;[0.3053023969774771, 0.6946976030225229]
804;0;0;[0.8065659113013076, 0.19343408869869236]
406;1;1;[0.0753655805690312, 0.9246344194309688]
502;0;0;[0.6013136037890254, 0.3986863962109746]
1071;0;1;[0.3209785992827914, 0.6790214007172086]
1056;0;1;[0.33216132462175296, 0.667838675378247]
929;0;1;[0.4064070426173736, 0.5935929573826264]
779;1;0;[0.819237065352037, 0.180762934647963]
200;1;1;[0.28460791362193594, 0.7153920863780641]
134;0;0;[0.9999961127396184, 3.887260381533998e-06]
1051;0;1;[0.3360365505040822, 0.6639634494959178]
40;0;0;[0.8948036593294605, 0.10519634067053954]
1017;0;0;[0.807750260102388, 0.19224973989761196]
230;1;1;[0.287726101562056, 0.712273898437944]
378;1;1;[0.06492712886365892, 0.9350728711363411]
288;1;1;[0.2260811331729603, 0.7739188668270397]
418;1;1;[0.07984288280774754, 0.9201571171922525]
391;1;1;[0.0688597949177111, 0.9311402050822889]
592;0;0;[0.7978659458723207, 0.2021340541276793]
1162;0;1;[0.19048089247030908, 0.8095191075296909]
1086;0;1;[0.3096814248790414, 0.6903185751209586]
647;0;0;[0.7953241036472942, 0.2046758963527058]
1152;0;1;[0.19588656821087902, 0.804113431789121]
1367;1;1;[0.11250036122639695, 0.887499638773603]
520;1;1;[0.46988978713423224, 0.5301102128657678]
64;0;0;[0.9551555008960396, 0.044844499103960406]
14;0;1;[0.3211859412963203, 0.6788140587036797]
1180;1;1;[0.18125003294929287, 0.8187499670507071]
1064;0;1;[0.32599211901108116, 0.6740078809889188]
492;1;1;[0.11950464031264629, 0.8804953596873537]
379;1;1;[0.06524309785975513, 0.9347569021402449]
187;1;1;[0.48420861526980485, 0.5157913847301951]
763;0;0;[0.8282053084770928, 0.1717946915229072]
216;0;1;[0.28624928372508573, 0.7137507162749143]
791;0;0;[0.8124715001863511, 0.18752849981364897]
1076;0;1;[0.3171885906941937, 0.6828114093058063]
878;0;1;[0.4316041989315501, 0.5683958010684499]
337;1;1;[0.05268821755694453, 0.9473117824430555]
719;1;0;[0.7485785225011641, 0.2514214774988359]
295;0;1;[0.1437975912221029, 0.8562024087778971]
1016;0;0;[0.8114294552572141, 0.18857054474278584]
1275;1;1;[0.38445279441944735, 0.6155472055805526]
455;1;1;[0.09252509396059594, 0.9074749060394041]
1564;1;1;[0.12666230874937623, 0.8733376912506238]
815;0;0;[0.8000635179506773, 0.1999364820493227]
269;1;1;[0.1252543391513241, 0.8747456608486759]
995;1;1;[0.3613120897232155, 0.6386879102767845]
201;0;1;[0.284708699332595, 0.715291300667405]
161;0;0;[0.6914126525048526, 0.3085873474951474]
729;0;0;[0.741389159051621, 0.25861084094837905]
401;1;1;[0.07227006293980309, 0.9277299370601969]
702;1;0;[0.7606843261333732, 0.2393156738666268]
1129;1;1;[0.25637472484451695, 0.743625275155483]
565;0;0;[0.9383001153283548, 0.061699884671645215]
1413;0;0;[0.5938226812548792, 0.4061773187451207]
1021;1;0;[0.5756124806761463, 0.42438751932385366]
1025;0;0;[0.7396478134507882, 0.2603521865492117]
1411;0;0;[0.5973899258099045, 0.4026100741900956]
1104;1;1;[0.2731826931518787, 0.7268173068481213]
205;0;1;[0.2851120569347072, 0.7148879430652928]
34;0;0;[0.9937439465865336, 0.006256053413466361]
775;0;0;[0.8215135525317677, 0.17848644746823225]
508;0;0;[0.6053514877441233, 0.39464851225587666]
1451;1;0;[0.5754412144409657, 0.4245587855590342]
1478;0;0;[0.5274390175596763, 0.47256098244032374]
1542;1;1;[0.13698581919070563, 0.8630141808092944]
1390;0;0;[0.632427252264965, 0.367572747735035]
91;0;0;[0.6471095355806853, 0.3528904644193147]
1363;1;1;[0.11406376620382341, 0.8859362337961766]
897;1;1;[0.42483144440209153, 0.5751685555979085]
564;0;0;[0.9383605367910856, 0.061639463208914475]
1369;1;1;[0.1122017714036645, 0.8877982285963355]
776;0;0;[0.820946542849479, 0.17905345715052104]
241;1;1;[0.2889002925956058, 0.7110997074043942]
13;0;0;[0.8109046432605825, 0.1890953567394175]
315;1;1;[0.0479456073460538, 0.9520543926539462]
600;0;0;[0.7982668735179026, 0.20173312648209737]
387;1;1;[0.06753802479466875, 0.9324619752053313]
1297;1;1;[0.3467623334145682, 0.6532376665854318]
166;1;1;[0.22499273859414037, 0.7750072614058596]
840;1;1;[0.4586435144811355, 0.5413564855188645]
20;1;1;[0.3219972559955778, 0.6780027440044222]
646;0;0;[0.7955388110568377, 0.20446118894316237]
1508;0;1;[0.1555378117639331, 0.8444621882360669]
1154;0;1;[0.19479622556620624, 0.8052037744337938]
831;1;1;[0.46651995295505777, 0.5334800470449422]
1267;0;1;[0.36920734748077844, 0.6307926525192216]
562;0;0;[0.9384812139005401, 0.06151878609945998]
1526;1;1;[0.14502049428506025, 0.8549795057149397]
686;0;0;[0.7795548665272769, 0.22044513347272313]
957;1;1;[0.37952367671752874, 0.6204763232824713]
189;1;1;[0.22391577203783597, 0.776084227962164]
975;1;1;[0.36967348969006375, 0.6303265103099362]
699;0;0;[0.7715172588662135, 0.22848274113378653]
1499;0;1;[0.4916849949030968, 0.5083150050969032]
510;1;1;[0.47024069908217225, 0.5297593009178277]
1082;0;1;[0.31267255330360855, 0.6873274466963915]
474;1;1;[0.10363910552418065, 0.8963608944758193]
856;0;1;[0.44550162361987056, 0.5544983763801294]
747;0;0;[0.7298948174924993, 0.27010518250750076]
252;1;1;[0.11603120178747739, 0.8839687982125226]
21;1;1;[0.3645996131965137, 0.6354003868034863]
1337;1;1;[0.12445303319000145, 0.8755469668099986]
459;1;1;[0.09436649199028702, 0.905633508009713]
1184;1;1;[0.17909057574088705, 0.820909424259113]
276;1;1;[0.12942928793298225, 0.8705707120670177]
955;1;1;[0.38064567602161414, 0.6193543239783859]
1215;0;1;[0.459125573897193, 0.540874426102807]
385;1;1;[0.06688607464194318, 0.9331139253580568]
805;0;0;[0.8059669804819852, 0.1940330195180148]
1437;0;0;[0.5537107226488847, 0.4462892773511154]
1515;1;1;[0.15131659499056338, 0.8486834050094366]
343;1;1;[0.05411960773910107, 0.9458803922608989]
769;0;0;[0.8248861124078115, 0.17511388759218854]
1332;1;1;[0.1266569530549212, 0.8733430469450788]
130;0;0;[0.9969546777864596, 0.0030453222135403755]
871;0;1;[0.43657160846177856, 0.5634283915382214]
1123;1;1;[0.2602550781961249, 0.7397449218038751]
1396;0;0;[0.6221078508672445, 0.3778921491327555]
87;0;0;[0.9997967991296584, 0.00020320087034162175]
1482;1;0;[0.5200005740299477, 0.4799994259700523]
330;1;1;[0.05106346084549496, 0.948936539154505]
1238;0;1;[0.418790592648681, 0.581209407351319]
466;1;1;[0.0995382616009658, 0.9004617383990342]
121;0;0;[0.8401347751107477, 0.1598652248892523]
1044;1;1;[0.34093373663598514, 0.6590662633640149]
1095;1;1;[0.27971077150418766, 0.7202892284958123]
1130;1;1;[0.2556855739205004, 0.7443144260794996]
1294;1;1;[0.3520067128115433, 0.6479932871884567]
860;0;1;[0.44225814694955445, 0.5577418530504455]
1459;1;0;[0.5608350417211894, 0.4391649582788106]
1126;1;1;[0.2581708865115523, 0.7418291134884477]
