;y_train;y_train_pred;y_train_pred_proba
1344;1;1;[0.2058936971915114, 0.7941063028084886]
308;1;1;[0.07094471502236965, 0.9290552849776303]
1105;1;1;[0.31910980013737966, 0.6808901998626203]
430;0;1;[0.10455253880512327, 0.8954474611948767]
966;1;0;[0.5206014903478685, 0.4793985096521315]
398;1;1;[0.09713148976924002, 0.90286851023076]
423;1;1;[0.1055020246801398, 0.8944979753198602]
370;1;1;[0.0888277831167984, 0.9111722168832016]
54;1;0;[0.7671745297473577, 0.23282547025264233]
1197;1;1;[0.15902876325039061, 0.8409712367496094]
1000;0;0;[0.5069710746453903, 0.49302892535460974]
620;0;0;[0.6035704739580748, 0.39642952604192516]
312;1;1;[0.07183179261239825, 0.9281682073876018]
941;1;0;[0.5310488188434755, 0.46895118115652445]
1010;0;0;[0.6130200648472768, 0.3869799351527232]
560;0;0;[0.848774214902937, 0.15122578509706294]
109;1;1;[0.45414373329111324, 0.5458562667088868]
522;0;0;[0.8352999991383141, 0.16470000086168593]
1519;1;1;[0.2431822636749713, 0.7568177363250287]
100;0;0;[0.5742920448485703, 0.4257079551514297]
544;0;0;[0.8443981765117541, 0.15560182348824592]
1216;0;1;[0.41378427455795375, 0.5862157254420463]
1438;0;1;[0.4450784876231836, 0.5549215123768164]
266;1;1;[0.09118165969763037, 0.9088183403023696]
810;0;0;[0.8388545613891886, 0.1611454386108114]
296;0;1;[0.0523125874376168, 0.9476874125623832]
1193;1;1;[0.16014500009812915, 0.8398549999018708]
461;1;1;[0.11573441799065876, 0.8842655820093412]
1026;1;0;[0.7106963293184745, 0.28930367068152546]
796;0;0;[0.8419020932075812, 0.15809790679241878]
917;0;0;[0.5459729648087992, 0.45402703519120075]
1423;0;1;[0.45381593787076013, 0.5461840621292399]
377;1;1;[0.09082513286553184, 0.9091748671344682]
286;1;1;[0.05060488494596782, 0.9493951150540322]
1503;0;1;[0.4363392383089567, 0.5636607616910433]
1108;1;1;[0.31797944920521837, 0.6820205507947816]
1398;0;1;[0.47034287793286056, 0.5296571220671394]
126;1;1;[0.006248038820917956, 0.993751961179082]
327;1;1;[0.07535261153373463, 0.9246473884662654]
292;0;1;[0.09980166641620081, 0.9001983335837992]
597;0;0;[0.5844559579412847, 0.41554404205871526]
792;0;0;[0.8429318759617248, 0.15706812403827525]
752;0;0;[0.5573628134544454, 0.4426371865455546]
355;1;1;[0.08270691785210194, 0.9172930821478981]
1477;0;1;[0.4523908758263815, 0.5476091241736185]
209;1;1;[0.28898761351440894, 0.7110123864855911]
140;1;1;[0.14284013961323538, 0.8571598603867646]
1176;1;1;[0.16451672756304803, 0.835483272436952]
1047;1;1;[0.3195775047471242, 0.6804224952528758]
705;1;0;[0.5773172884940606, 0.4226827115059394]
1242;0;1;[0.39800879081556284, 0.6019912091844372]
1048;0;1;[0.3194007004050714, 0.6805992995949286]
570;0;0;[0.8520656114889644, 0.14793438851103552]
974;1;0;[0.5171782045658726, 0.4828217954341274]
905;1;0;[0.5510667836788973, 0.4489332163211027]
10;0;0;[0.9479126334064789, 0.05208736659352108]
785;0;0;[0.8447208549023827, 0.15527914509761728]
282;1;1;[0.04979825825377193, 0.9502017417462281]
291;0;1;[0.0514520360388141, 0.9485479639611859]
602;0;0;[0.5900160450142071, 0.40998395498579293]
548;0;0;[0.8455017769518944, 0.15449822304810562]
129;0;0;[0.9892400697361663, 0.010759930263833681]
323;1;1;[0.07434092393649583, 0.9256590760635042]
1179;1;1;[0.1636605437584283, 0.8363394562415717]
1214;0;1;[0.41503026250663666, 0.5849697374933633]
669;0;0;[0.599218253914213, 0.400781746085787]
552;0;0;[0.8465989721135514, 0.15340102788644863]
909;0;0;[0.549369980247003, 0.450630019752997]
715;1;0;[0.5728045486201543, 0.4271954513798457]
678;0;0;[0.5953730250231999, 0.40462697497680006]
158;1;1;[0.4175388101087111, 0.5824611898912889]
626;0;0;[0.6050957160984469, 0.394904283901553]
516;1;0;[0.6873770391839416, 0.3126229608160584]
1149;0;1;[0.1722574658780196, 0.8277425341219804]
195;0;1;[0.2843965248174847, 0.7156034751825153]
1514;1;1;[0.24555392885733307, 0.7544460711426669]
1401;0;1;[0.4683251115518865, 0.5316748884481135]
410;1;1;[0.10119968025546755, 0.8988003197445324]
96;0;0;[0.5824599332636018, 0.41754006673639815]
1164;0;1;[0.16783292191428878, 0.8321670780857112]
1089;1;1;[0.32661073217468506, 0.6733892678253149]
156;1;1;[0.4160466686608545, 0.5839533313391455]
419;1;1;[0.10412865863282994, 0.8958713413671701]
694;0;0;[0.5894450654982069, 0.4105549345017932]
477;1;1;[0.12221809113841053, 0.8777819088615895]
937;0;0;[0.5383852030043285, 0.46161479699567154]
701;1;0;[0.579118821242772, 0.420881178757228]
1024;1;0;[0.5428037143569746, 0.4571962856430254]
447;1;1;[0.11059388480910659, 0.8894061151908934]
1117;1;1;[0.3138430440746588, 0.6861569559253412]
178;0;1;[0.44257326131025665, 0.5574267386897434]
390;1;1;[0.09469767101215465, 0.9053023289878454]
1348;1;1;[0.20464855548580574, 0.7953514445141943]
1295;1;1;[0.39906348552800963, 0.6009365144719904]
1298;1;1;[0.39718489083528385, 0.6028151091647161]
1563;1;1;[0.22431182602249655, 0.7756881739775034]
1225;0;1;[0.4081911887422297, 0.5918088112577703]
1370;1;1;[0.19759448885766062, 0.8024055111423394]
949;1;0;[0.5276324449864782, 0.47236755501352173]
1192;1;1;[0.1604250481799422, 0.8395749518200578]
813;0;0;[0.8380665506058635, 0.16193344939413645]
711;0;0;[0.5746111430230199, 0.4253888569769801]
294;0;1;[0.10047597842987532, 0.8995240215701247]
591;0;0;[0.577590154291088, 0.42240984570891205]
1274;1;1;[0.4119025085704573, 0.5880974914295427]
88;0;0;[0.8101797600410268, 0.1898202399589732]
41;1;0;[0.7077612219259126, 0.2922387780740873]
1018;0;1;[0.4337268239155243, 0.5662731760844757]
636;0;0;[0.6062468391596478, 0.3937531608403521]
1300;0;1;[0.3959341724069553, 0.6040658275930447]
847;0;0;[0.5711219350139973, 0.42887806498600267]
1450;1;1;[0.4702557342846806, 0.5297442657153194]
756;0;0;[0.5555691272576788, 0.4444308727423212]
164;0;0;[0.7420946389098051, 0.25790536109019485]
290;0;1;[0.051281539706609425, 0.9487184602933906]
1481;1;1;[0.44971624441211777, 0.5502837555878822]
1232;0;1;[0.4041755725883551, 0.5958244274116449]
348;1;1;[0.08087221667596567, 0.9191277833240343]
571;0;0;[0.8523308708592178, 0.14766912914078226]
618;0;0;[0.6022412358731777, 0.3977587641268223]
1475;0;1;[0.45372923317770675, 0.5462707668222933]
1036;1;1;[0.3245999098109743, 0.6754000901890257]
910;0;0;[0.5489455983260458, 0.4510544016739542]
1035;1;1;[0.325058522388177, 0.674941477611823]
651;0;0;[0.6066764276097589, 0.393323572390241]
458;1;1;[0.11461567997932576, 0.8853843200206742]
375;1;1;[0.09025037231249855, 0.9097496276875014]
333;1;1;[0.07682469633628386, 0.9231753036637161]
1210;0;1;[0.4175254863087866, 0.5824745136912134]
1385;1;1;[0.19257220206254677, 0.8074277979374532]
1301;0;1;[0.39530932219285664, 0.6046906778071434]
846;0;0;[0.5715417373106735, 0.42845826268932646]
1452;1;1;[0.4689104734800409, 0.5310895265199591]
617;0;0;[0.6015760494758458, 0.3984239505241543]
328;1;1;[0.07559614690786276, 0.9244038530921372]
318;1;1;[0.07318385765430668, 0.9268161423456933]
1205;1;1;[0.15681522640647372, 0.8431847735935263]
1063;0;1;[0.3126210506775339, 0.6873789493224661]
167;1;0;[0.606968029005858, 0.393031970994142]
12;0;0;[0.812741955711132, 0.187258044288868]
171;1;1;[0.34432842144195164, 0.6556715785580484]
260;1;1;[0.046258485848511555, 0.9537415141514884]
899;1;0;[0.5533750265248597, 0.4466249734751403]
943;1;0;[0.5301949855920546, 0.4698050144079454]
1328;1;1;[0.21159365521684959, 0.7884063447831504]
138;0;0;[0.8676969540868179, 0.13230304591318207]
549;0;0;[0.8457766755770032, 0.15422332442299683]
811;0;0;[0.8385922359228732, 0.16140776407712681]
1073;0;1;[0.308905600407572, 0.691094399592428]
1050;0;1;[0.3184922397706059, 0.6815077602293941]
558;0;0;[0.8482327922421854, 0.15176720775781458]
139;0;0;[0.8268197919768433, 0.1731802080231567]
1368;1;1;[0.1982708941615624, 0.8017291058384376]
1102;1;1;[0.3205092575561046, 0.6794907424438954]
224;1;1;[0.2925244563541358, 0.7074755436458642]
1278;1;1;[0.4094172687950596, 0.5905827312049404]
409;1;1;[0.10087986617335243, 0.8991201338266476]
325;1;1;[0.07486770149227151, 0.9251322985077285]
299;0;1;[0.20308852512494957, 0.7969114748750504]
1088;1;1;[0.3270825507102372, 0.6729174492897628]
1546;1;1;[0.23094451864780696, 0.769055481352193]
1418;0;1;[0.45716482129278024, 0.5428351787072198]
1453;1;1;[0.46823801125486997, 0.53176198874513]
193;0;0;[0.5035586895619854, 0.49644131043801465]
1501;0;1;[0.4376680618424609, 0.5623319381575391]
573;0;0;[0.8528602098363837, 0.1471397901636163]
503;1;1;[0.4148778137465575, 0.5851221862534425]
605;0;0;[0.5925186715432089, 0.40748132845679114]
832;1;0;[0.5779454988120494, 0.4220545011879507]
3;0;0;[0.9040711308909167, 0.09592886910908324]
816;0;0;[0.8372754339056028, 0.16272456609439717]
467;1;1;[0.11834635159514517, 0.8816536484048548]
321;1;1;[0.07387361884074273, 0.9261263811592573]
5;0;0;[0.9408191943354397, 0.059180805664560306]
222;0;1;[0.2921109759270767, 0.7078890240729233]
547;0;0;[0.8452264779956209, 0.1547735220043791]
818;0;0;[0.8367462948250568, 0.16325370517494314]
39;1;1;[0.4425673855827189, 0.5574326144172811]
542;0;0;[0.8438439690663797, 0.15615603093362027]
242;1;1;[0.2890326961129668, 0.7109673038870332]
136;0;0;[0.9810174837111434, 0.018982516288856624]
1240;0;1;[0.39923962741973007, 0.6007603725802699]
942;1;0;[0.5306219246261537, 0.4693780753738463]
845;0;0;[0.5719614366597773, 0.4280385633402227]
1397;0;1;[0.4710156854833203, 0.5289843145166797]
1113;1;1;[0.31567054611136525, 0.6843294538886348]
921;0;0;[0.5451935840532962, 0.4548064159467038]
1428;0;1;[0.4517578236066101, 0.5482421763933899]
581;1;0;[0.5647266512044689, 0.43527334879553115]
1541;1;1;[0.23317094201246769, 0.7668290579875323]
861;0;0;[0.5661463804230498, 0.43385361957695023]
1530;1;1;[0.23820077680667928, 0.7617992231933207]
376;1;1;[0.0905373418984563, 0.9094626581015437]
314;1;1;[0.07227915923742545, 0.9277208407625746]
442;0;1;[0.1087355296991862, 0.8912644703008138]
319;1;1;[0.07341311641380666, 0.9265868835861933]
904;0;0;[0.5514908004523023, 0.4485091995476978]
867;0;0;[0.5636185373572156, 0.4363814626427844]
1182;1;1;[0.16280794745201788, 0.8371920525479821]
424;1;1;[0.1058478537220231, 0.8941521462779769]
553;0;0;[0.8468722720672079, 0.15312772793279208]
594;0;0;[0.5811932927424609, 0.4188067072575391]
1233;0;1;[0.4035574958937991, 0.5964425041062009]
706;0;0;[0.5768665818031323, 0.42313341819686767]
841;0;0;[0.5738193730851915, 0.42618062691480857]
1273;1;1;[0.4125245263840147, 0.5874754736159853]
679;1;0;[0.5949450444692339, 0.40505495553076615]
227;1;1;[0.29197928746971114, 0.7080207125302889]
1090;1;1;[0.3261392643769542, 0.6738607356230458]
888;1;0;[0.5580302520401209, 0.4419697479598791]
1043;1;1;[0.32139907327345174, 0.6786009267265483]
1493;0;1;[0.44299212077675365, 0.5570078792232463]
66;0;0;[0.607870412864078, 0.3921295871359221]
393;1;1;[0.09559911976416868, 0.9044008802358313]
579;0;0;[0.8544388095262303, 0.14556119047376972]
24;0;0;[0.8120685065362986, 0.1879314934637014]
211;1;1;[0.28964706370862847, 0.7103529362913715]
1211;0;1;[0.4169012790705382, 0.5830987209294618]
1364;1;1;[0.19909067937329605, 0.800909320626704]
536;0;0;[0.8420253854079877, 0.15797461459201234]
1443;0;1;[0.44174609182590074, 0.5582539081740993]
914;0;0;[0.5472473645511334, 0.45275263544886657]
85;0;0;[0.8104184884550607, 0.18958151154493932]
1412;0;1;[0.461188571493952, 0.538811428506048]
272;1;1;[0.04817187257627875, 0.9518281274237212]
1004;0;1;[0.4113999188965487, 0.5886000811034513]
1052;0;1;[0.31758515732396486, 0.6824148426760351]
1490;0;1;[0.44499209221210145, 0.5550079077878985]
630;0;0;[0.6055563059840108, 0.3944436940159893]
1075;0;1;[0.30801348126310446, 0.6919865187368955]
1462;1;1;[0.46219133213965735, 0.5378086678603426]
505;0;0;[0.7539866408564004, 0.24601335914359954]
273;1;1;[0.04833221474272942, 0.9516677852572706]
1013;0;0;[0.6119476538858355, 0.38805234611416456]
362;1;1;[0.08457941164396277, 0.9154205883560372]
622;0;0;[0.6046349395302715, 0.3953650604697285]
2;0;0;[0.8957224240914015, 0.10427757590859857]
6;0;0;[0.922067357668494, 0.07793264233150603]
311;1;1;[0.07160906850223392, 0.9283909314977661]
1245;0;1;[0.396164956115305, 0.603835043884695]
1474;0;1;[0.45439866395643047, 0.5456013360435695]
665;0;0;[0.6009233610475373, 0.39907663895246265]
364;1;1;[0.08512143580001374, 0.9148785641999863]
1544;1;1;[0.23183329915612616, 0.7681667008438738]
215;1;1;[0.2906665019091901, 0.7093334980908099]
743;0;0;[0.5614392942584607, 0.4385607057415393]
27;0;0;[0.7650198168752103, 0.23498018312478972]
1125;1;1;[0.31020534586251913, 0.6897946541374809]
950;1;0;[0.527205209615882, 0.472794790384118]
938;0;0;[0.5379591766270144, 0.4620408233729855]
638;0;0;[0.6064769227405271, 0.39352307725947294]
820;0;0;[0.8362157716997531, 0.1637842283002468]
718;1;0;[0.5714483244005826, 0.4285516755994174]
691;0;0;[0.5907851206271943, 0.40921487937280565]
907;0;0;[0.5502185280226051, 0.44978147197739493]
624;0;0;[0.6048653511032589, 0.39513464889674105]
932;0;0;[0.5405144817355754, 0.45948551826442463]
256;1;1;[0.0880594550203122, 0.9119405449796878]
25;0;0;[0.7650730919755663, 0.2349269080244337]
336;1;1;[0.07757058629830627, 0.9224294137016937]
572;0;0;[0.8525957368789407, 0.14740426312105925]
47;0;0;[0.7071673313387603, 0.2928326686612397]
106;0;0;[0.5662923286240041, 0.43370767137599586]
349;1;1;[0.08113202583621038, 0.9188679741637896]
55;1;0;[0.5828404010603463, 0.4171595989396537]
886;1;0;[0.5588755866516928, 0.44112441334830726]
213;0;1;[0.29025063423945563, 0.7097493657605444]
120;0;0;[0.9215833095598186, 0.07841669044018142]
1033;1;1;[0.3259767538987366, 0.6740232461012634]
1118;1;1;[0.31338706644384373, 0.6866129335561563]
72;0;0;[0.8081331006938819, 0.19186689930611817]
1359;1;1;[0.20081368832343227, 0.7991863116765677]
1172;1;1;[0.16566389671550896, 0.834336103284491]
787;0;0;[0.8442114216690189, 0.1557885783309811]
45;1;1;[0.44227859364382704, 0.557721406356173]
1324;0;1;[0.3820062265453391, 0.6179937734546609]
523;0;0;[0.8359064583878499, 0.1640935416121501]
952;1;0;[0.5263506199534256, 0.4736493800465744]
1333;1;1;[0.20980010838572738, 0.7901998916142726]
1046;1;1;[0.3200323837384307, 0.6799676162615693]
869;0;0;[0.5627751811537554, 0.4372248188462447]
533;0;0;[0.8411582055562259, 0.15884179444377408]
1187;1;1;[0.16139490950317137, 0.8386050904968286]
603;0;0;[0.5908507787348941, 0.4091492212651059]
465;1;1;[0.11758486197212692, 0.8824151380278731]
893;1;0;[0.5559154541728183, 0.4440845458271817]
1336;1;1;[0.208729352330138, 0.791270647669862]
849;0;0;[0.5702820238947495, 0.4297179761052505]
1027;0;0;[0.5425167669162354, 0.4574832330837646]
60;0;0;[0.6081641871533403, 0.3918358128466597]
970;1;0;[0.5188900691438476, 0.4811099308561524]
92;0;1;[0.4883888011638836, 0.5116111988361164]
666;0;0;[0.6004973118747615, 0.3995026881252385]
765;0;0;[0.8495552785685214, 0.15044472143147858]
194;1;0;[0.5022683713834615, 0.4977316286165386]
280;1;1;[0.04946887197500183, 0.9505311280249982]
695;0;0;[0.5889980842556897, 0.41100191574431033]
359;1;1;[0.08377224796223393, 0.9162277520377661]
519;1;0;[0.6972877549707568, 0.30271224502924315]
1272;1;1;[0.4131468236304382, 0.5868531763695618]
839;1;0;[0.5746307014709195, 0.42536929852908045]
182;0;0;[0.6002495552688608, 0.3997504447311392]
1133;1;1;[0.3074108763633343, 0.6925891236366657]
1079;0;1;[0.3062488509369905, 0.6937511490630095]
110;1;0;[0.5614904495693941, 0.4385095504306059]
1219;0;1;[0.4119173647246095, 0.5880826352753905]
42;0;0;[0.5887114254991047, 0.4112885745008953]
746;0;0;[0.5600746998599766, 0.4399253001400234]
1178;1;1;[0.1639455394555802, 0.8360544605444198]
204;0;1;[0.2873428938990831, 0.7126571061009169]
900;1;0;[0.5529513471026175, 0.4470486528973825]
52;0;0;[0.9256926737962395, 0.07430732620376047]
1175;1;1;[0.16480292040968136, 0.8351970795903186]
545;0;0;[0.8446746780373422, 0.15532532196265778]
68;1;1;[0.4072569076505741, 0.5927430923494259]
1347;1;1;[0.2048377101152129, 0.7951622898847871]
1220;0;1;[0.4112956214625949, 0.5887043785374051]
939;0;0;[0.5375330948067158, 0.4624669051932842]
898;1;0;[0.5537986284294131, 0.4462013715705869]
183;0;0;[0.5314645525561408, 0.4685354474438593]
137;0;0;[0.947806345512514, 0.05219365448748604]
132;1;0;[0.8198367178351924, 0.18016328216480754]
80;1;1;[0.4850842052709159, 0.5149157947290841]
1268;1;1;[0.4156387696189223, 0.5843612303810777]
105;1;0;[0.644385931681267, 0.355614068318733]
1255;0;1;[0.3910044605977141, 0.6089955394022859]
541;0;0;[0.8435662626291559, 0.15643373737084412]
809;0;0;[0.8391165423082766, 0.1608834576917234]
480;1;1;[0.12340069218070171, 0.8765993078192983]
165;0;0;[0.6770996210763547, 0.32290037892364537]
248;1;1;[0.044444755644570955, 0.955555244355429]
307;1;1;[0.0707245318325389, 0.9292754681674611]
446;1;1;[0.11023446108617985, 0.8897655389138202]
1258;0;1;[0.38917209729707947, 0.6108279027029205]
334;1;1;[0.07707259283465562, 0.9229274071653444]
1505;0;1;[0.4350113282484753, 0.5649886717515247]
97;0;0;[0.9471196917539139, 0.05288030824608614]
1160;0;1;[0.16900363405588537, 0.8309963659441146]
1545;1;1;[0.23138861063546168, 0.7686113893645383]
737;0;0;[0.5630375024040053, 0.4369624975959947]
1223;1;1;[0.40943209771772415, 0.5905679022822758]
918;0;0;[0.5455480301515546, 0.4544519698484454]
421;1;1;[0.10481335564832661, 0.8951866443516734]
102;1;1;[0.46509049762036925, 0.5349095023796308]
434;0;1;[0.10593083440923479, 0.8940691655907652]
74;1;0;[0.8305057271999309, 0.1694942728000691]
1403;0;1;[0.46698050510084865, 0.5330194948991513]
1433;0;1;[0.4484158295056939, 0.5515841704943061]
1422;0;1;[0.45448539014347433, 0.5455146098565257]
302;1;1;[0.2051125806647367, 0.7948874193352633]
1352;1;1;[0.2032477988846323, 0.7967522011153677]
1320;0;1;[0.3844770036741145, 0.6155229963258855]
1279;1;1;[0.40879667597731006, 0.5912033240226899]
762;1;0;[0.8502611832098665, 0.1497388167901334]
733;0;0;[0.5648540232597412, 0.43514597674025884]
388;1;1;[0.09410094065446029, 0.9058990593455397]
235;1;1;[0.2904055754459076, 0.7095944245540924]
1302;0;1;[0.39468481378649534, 0.6053151862135047]
267;1;1;[0.09149218948712701, 0.908507810512873]
305;1;1;[0.07028605845937985, 0.9297139415406201]
864;0;0;[0.5648828805921866, 0.43511711940781334]
117;1;0;[0.6356720670320448, 0.3643279329679552]
1522;1;1;[0.24176674738806525, 0.7582332526119347]
673;0;0;[0.5975107410654273, 0.40248925893457266]
249;1;1;[0.04459327315737649, 0.9554067268426235]
1138;1;1;[0.30510362874150154, 0.6948963712584985]
1239;0;1;[0.39985552443536465, 0.6001444755646353]
71;1;0;[0.7226802573745847, 0.27731974262541526]
94;0;0;[0.5048585110475847, 0.4951414889524152]
930;0;0;[0.5413657836306094, 0.45863421636939067]
33;0;0;[0.7650999425130056, 0.23490005748699436]
799;0;0;[0.8411261625741576, 0.15887383742584238]
1146;1;1;[0.30143233419781446, 0.6985676658021855]
448;1;1;[0.1109543343084336, 0.8890456656915664]
445;1;1;[0.10987606116323012, 0.8901239388367699]
771;0;0;[0.848102660606383, 0.15189733939361702]
716;1;0;[0.5723525944317466, 0.4276474055682534]
1201;1;1;[0.1579188438078103, 0.8420811561921897]
1410;0;1;[0.4625309725045774, 0.5374690274954226]
988;0;0;[0.5121114452517486, 0.48788855474825144]
1185;1;1;[0.16195893264875394, 0.8380410673512461]
77;1;1;[0.4161096585977585, 0.5838903414022415]
84;0;0;[0.9308600583477677, 0.06913994165223229]
916;0;0;[0.5463978324998656, 0.4536021675001344]
82;1;0;[0.7398209674701377, 0.26017903252986224]
457;1;1;[0.11424486458323002, 0.88575513541677]
1007;0;1;[0.4107127466888667, 0.5892872533111333]
676;0;0;[0.5962285505857952, 0.4037714494142049]
1506;0;1;[0.434347721524724, 0.565652278475276]
1120;1;1;[0.3124761928209314, 0.6875238071790686]
436;0;1;[0.10662597121341233, 0.8933740287865877]
770;0;0;[0.8483455606351402, 0.15165443936485976]
644;0;0;[0.6096394195441311, 0.39036058045586886]
862;0;0;[0.5657253085033143, 0.4342746914966857]
1209;0;1;[0.4181499579287087, 0.5818500420712913]
994;1;0;[0.5095415121597001, 0.4904584878402999]
1247;1;1;[0.39493736707794613, 0.6050626329220539]
1169;1;1;[0.16652847415683125, 0.8334715258431687]
404;1;1;[0.09900000514687202, 0.900999994853128]
1362;1;1;[0.1997772009671066, 0.8002227990328934]
1022;0;0;[0.6859499081814596, 0.3140500918185404]
1246;0;1;[0.3955509970124298, 0.6044490029875702]
104;0;0;[0.5724711611311477, 0.4275288388688523]
609;0;0;[0.595848033799588, 0.4041519662004121]
1373;1;1;[0.19658314468903382, 0.8034168553109662]
688;0;0;[0.5921238284318098, 0.4078761715681903]
1430;0;1;[0.4504204865781397, 0.5495795134218603]
826;1;0;[0.5807811870119455, 0.41921881298805447]
1252;0;1;[0.3928399027955881, 0.6071600972044119]
1080;0;1;[0.30581052957712374, 0.6941894704228763]
62;1;1;[0.4042736394043015, 0.5957263605956985]
281;1;1;[0.04963330614299255, 0.9503666938570074]
852;0;0;[0.5690213996044664, 0.4309786003955336]
778;0;0;[0.8463934097762097, 0.15360659022379028]
1058;0;1;[0.31487222672726844, 0.6851277732727316]
238;1;1;[0.2898167269549873, 0.7101832730450127]
223;1;1;[0.2923176732308528, 0.7076823267691472]
145;0;0;[0.9787018398882356, 0.02129816011176443]
1461;1;1;[0.4628626692009232, 0.5371373307990768]
373;1;1;[0.08967889019969444, 0.9103211098003056]
1284;1;1;[0.4056549905478829, 0.5943450094521171]
118;0;0;[0.557245492630372, 0.44275450736962796]
1177;1;1;[0.16423093398421396, 0.835769066015786]
1174;1;1;[0.16508951274059136, 0.8349104872594086]
250;1;1;[0.044742263721463615, 0.9552577362785364]
1509;1;1;[0.24797084398139235, 0.7520291560186076]
1417;0;1;[0.4578350726679571, 0.5421649273320429]
978;1;0;[0.5154659366938624, 0.4845340633061376]
9;0;0;[0.9039341541080769, 0.09606584589192314]
449;1;1;[0.11131581155810644, 0.8886841884418936]
967;1;0;[0.5201736788035133, 0.4798263211964867]
708;1;0;[0.5759647852099432, 0.42403521479005674]
255;1;1;[0.04549435970303073, 0.9545056402969693]
882;1;0;[0.5605652276085824, 0.43943477239141765]
593;0;0;[0.5800518904129552, 0.41994810958704476]
389;1;1;[0.09439888346556902, 0.905601116534431]
1234;0;1;[0.4029397251800285, 0.5970602748199715]
1309;1;1;[0.3913021027969793, 0.6086978972030207]
557;0;0;[0.8479614845837875, 0.1520385154162125]
908;0;0;[0.5497942903475057, 0.45020570965249435]
1346;1;1;[0.20518925841518443, 0.7948107415848156]
922;0;0;[0.5447685281619217, 0.4552314718380783]
460;1;1;[0.11536045474132839, 0.8846395452586716]
723;0;0;[0.5693876118203225, 0.43061238817967756]
1444;0;1;[0.4410802319334265, 0.5589197680665735]
144;0;0;[0.9787052424308628, 0.021294757569137266]
501;0;0;[0.750108155999502, 0.24989184400049802]
1144;1;1;[0.3023478024735383, 0.6976521975264617]
739;0;0;[0.5621286043300895, 0.43787139566991057]
1447;0;1;[0.4390839327200766, 0.5609160672799234]
868;0;0;[0.563196904933996, 0.43680309506600407]
731;0;0;[0.5657616342594474, 0.43423836574055263]
539;0;0;[0.8428639672536339, 0.15713603274636614]
177;1;1;[0.4981500796467796, 0.5018499203532204]
1511;1;1;[0.2470019003178191, 0.7529980996821809]
697;0;0;[0.5881036816062346, 0.41189631839376545]
1457;1;1;[0.46554934005202797, 0.534450659947972]
1091;1;1;[0.32566814800895216, 0.6743318519910478]
1261;0;1;[0.3873428593584862, 0.6126571406415138]
985;0;0;[0.5133961802220692, 0.4866038197779308]
1560;1;1;[0.22561881751071888, 0.7743811824892811]
7;0;0;[0.9189813600393846, 0.08101863996061548]
946;1;0;[0.5289139057927854, 0.4710860942072146]
667;0;0;[0.6000711105673244, 0.3999288894326755]
1212;0;1;[0.41627733810172807, 0.5837226618982719]
357;1;1;[0.08323803332568591, 0.9167619666743141]
783;0;0;[0.8452289276800439, 0.1547710723199561]
735;0;0;[0.5639459773461446, 0.43605402265385546]
329;1;1;[0.07584040481649823, 0.9241595951835018]
1097;1;1;[0.32284886823843484, 0.6771511317615652]
1200;1;1;[0.15819573224745587, 0.8418042677525441]
1167;0;1;[0.16696292874208163, 0.8330370712579184]
258;1;1;[0.08866224454292626, 0.9113377554570737]
964;1;0;[0.5214570221709431, 0.4785429778290568]
1228;1;1;[0.40665090290054096, 0.593349097099459]
372;1;1;[0.08939437413112206, 0.9106056258688779]
1151;1;1;[0.17166219224352808, 0.8283378077564719]
1311;0;1;[0.390057922447294, 0.609942077552706]
142;0;0;[0.9787120459209268, 0.02128795407907328]
525;0;0;[0.8371139908876861, 0.1628860091123139]
1188;1;1;[0.1615492029859542, 0.8384507970140458]
232;1;1;[0.29099513012792133, 0.7090048698720787]
1334;1;1;[0.20944274204685542, 0.7905572579531446]
1486;0;1;[0.4463770565154994, 0.5536229434845006]
440;0;1;[0.10802830289183696, 0.891971697108163]
531;0;0;[0.8405628344393037, 0.1594371655606963]
1380;1;1;[0.19423856150364038, 0.8057614384963596]
226;1;1;[0.2921763534845082, 0.7078236465154918]
1078;0;1;[0.3066875229911533, 0.6933124770088467]
228;0;1;[0.29178229957987833, 0.7082177004201217]
1338;1;1;[0.20801775313857473, 0.7919822468614253]
1356;1;1;[0.201854196734354, 0.798145803265646]
212;1;1;[0.289977122805418, 0.710022877194582]
885;1;0;[0.5592981263161071, 0.4407018736838929]
79;0;0;[0.6959843638407825, 0.3040156361592175]
148;0;0;[0.9786916290690215, 0.02130837093097847]
814;0;0;[0.8378031903858476, 0.16219680961415242]
1181;1;1;[0.1630917479781392, 0.8369082520218608]
1001;0;1;[0.41271575031053787, 0.5872842496894621]
671;0;0;[0.5983647958286653, 0.4016352041713347]
1355;1;1;[0.20220192670865011, 0.7977980732913499]
555;0;0;[0.8474176752450633, 0.15258232475493666]
1137;1;1;[0.3055643009707606, 0.6944356990292394]
133;1;0;[0.7525229098905704, 0.24747709010942961]
1157;0;1;[0.1698861569438087, 0.8301138430561913]
933;0;0;[0.540088741790339, 0.4599112582096609]
1331;1;1;[0.21051618407369088, 0.7894838159263091]
823;1;0;[0.5821970449622864, 0.41780295503771353]
408;1;1;[0.10056094969765883, 0.8994390503023412]
368;1;1;[0.08826443513192472, 0.9117355648680753]
507;0;1;[0.4197106967185179, 0.5802893032814821]
1235;0;1;[0.4023222622540943, 0.5976777377459057]
504;1;1;[0.4052858605493611, 0.5947141394506389]
1392;0;1;[0.47438125461806613, 0.5256187453819339]
347;1;1;[0.08061316651180594, 0.919386833488194]
1387;1;1;[0.19190693734451636, 0.8080930626554836]
386;1;1;[0.09350758215700972, 0.9064924178429903]
0;0;0;[0.9223321633611634, 0.07766783663883664]
1408;0;1;[0.463873916951288, 0.536126083048712]
360;1;1;[0.08404052186515043, 0.9159594781348496]
894;1;0;[0.5554922488604461, 0.4445077511395539]
828;1;0;[0.5798365406359705, 0.4201634593640296]
1500;0;1;[0.43833281039530325, 0.5616671896046967]
475;1;1;[0.12143512045626248, 0.8785648795437375]
1339;1;1;[0.20766262494847765, 0.7923373750515224]
57;0;0;[0.7058941944675485, 0.2941058055324515]
637;0;0;[0.6063618868475916, 0.3936381131524084]
1365;1;1;[0.19875120670900914, 0.8012487932909909]
1562;1;1;[0.2247468910262731, 0.7752531089737269]
652;0;0;[0.6062524959343336, 0.39374750406566644]
172;0;1;[0.3006393024871089, 0.6993606975128911]
450;1;1;[0.1116783185295428, 0.8883216814704572]
125;0;0;[0.9895885906377289, 0.010411409362271104]
38;0;1;[0.4814246739252759, 0.5185753260747241]
530;0;0;[0.8401015033801829, 0.15989849661981717]
857;0;0;[0.5669183776101444, 0.4330816223898556]
713;1;0;[0.573708091732839, 0.42629190826716096]
90;0;0;[0.937485233457199, 0.06251476654280093]
1547;1;1;[0.23050102337719236, 0.7694989766228076]
181;0;0;[0.6702271781981656, 0.3297728218018344]
875;0;0;[0.5602429530536082, 0.43975704694639184]
1277;1;1;[0.4100381503109467, 0.5899618496890533]
786;0;0;[0.844466308444458, 0.15553369155554195]
414;1;1;[0.10248794871401268, 0.8975120512859873]
251;1;1;[0.044891728688070565, 0.9551082713119294]
69;0;1;[0.4512170560779166, 0.5487829439220834]
803;0;0;[0.8406812028412889, 0.15931879715871117]
131;0;0;[0.9422877801225507, 0.057712219877449296]
300;0;1;[0.20375645038877377, 0.7962435496112262]
1067;0;1;[0.3108264449351623, 0.6891735550648377]
326;1;1;[0.07510979696957176, 0.9248902030304282]
1531;1;1;[0.237734951867962, 0.762265048132038]
1455;1;1;[0.46689343527379434, 0.5331065647262057]
499;1;1;[0.410575958330604, 0.589424041669396]
338;1;1;[0.07807152528486372, 0.9219284747151363]
28;0;0;[0.9349700925319963, 0.06502990746800376]
1040;1;1;[0.32276882877604984, 0.6772311712239502]
1424;0;1;[0.4531466525664388, 0.5468533474335612]
945;1;0;[0.5293409755547446, 0.4706590244452554]
169;1;0;[0.5187305808756082, 0.4812694191243918]
912;0;0;[0.5480966214446392, 0.4519033785553608]
491;1;1;[0.11769243561459164, 0.8823075643854084]
953;1;0;[0.5259232669062075, 0.4740767330937925]
1032;1;1;[0.3264363715579316, 0.6735636284420684]
587;0;0;[0.5724706764105842, 0.42752932358941576]
750;0;0;[0.55825909881521, 0.44174090118479004]
657;0;0;[0.6041304484086101, 0.39586955159139]
234;0;1;[0.29060201526384055, 0.7093979847361594]
732;0;0;[0.5653078834912149, 0.43469211650878514]
1458;1;1;[0.4648774787694633, 0.5351225212305367]
1283;1;1;[0.4062852063557695, 0.5937147936442305]
934;0;0;[0.5396629433308393, 0.46033705666916064]
108;1;1;[0.45710810562450443, 0.5428918943754956]
568;0;0;[0.8515339115483208, 0.14846608845167922]
890;1;0;[0.5571845810221385, 0.4428154189778614]
947;1;0;[0.528486793696546, 0.471513206303454]
1057;0;1;[0.3153235120590553, 0.6846764879409447]
884;1;0;[0.559720580093135, 0.44027941990686503]
1322;1;1;[0.3832408612154016, 0.6167591387845984]
850;0;0;[0.5698619162320437, 0.4301380837679563]
734;0;0;[0.5644000542996144, 0.43559994570038557]
717;1;0;[0.5719005194509708, 0.4280994805490292]
454;1;1;[0.11313868296989527, 0.8868613170301047]
264;1;1;[0.04687856381701838, 0.9531214361829816]
75;0;0;[0.9331140107144276, 0.06688598928557239]
444;1;1;[0.1094468183852807, 0.8905531816147193]
395;1;1;[0.09620908265490768, 0.9037909173450923]
176;0;0;[0.5673364805584971, 0.432663519441503]
1042;1;1;[0.32185531859933847, 0.6781446814006615]
1507;0;1;[0.4336843500675688, 0.5663156499324312]
1098;1;1;[0.3223802310294399, 0.6776197689705601]
1361;1;1;[0.2001222500698192, 0.7998777499301808]
595;0;0;[0.5822816519683125, 0.41771834803168745]
61;0;0;[0.5097301988727909, 0.4902698011272091]
872;0;0;[0.561509467573948, 0.43849053242605196]
1170;1;1;[0.1662398811969925, 0.8337601188030075]
1469;0;1;[0.4577482436424196, 0.5422517563575804]
278;1;1;[0.04914155171772283, 0.9508584482822772]
36;0;0;[0.5890212576632889, 0.4109787423367111]
662;0;0;[0.6022005898593256, 0.39779941014067444]
1414;0;1;[0.4598467331572049, 0.5401532668427951]
1132;1;1;[0.3078734888326473, 0.6921265111673527]
977;1;0;[0.515894039277352, 0.484105960722648]
738;0;0;[0.5625831058895295, 0.43741689411047047]
191;0;0;[0.6375912380972653, 0.36240876190273474]
919;1;0;[0.5451230291367004, 0.45487697086329953]
456;1;1;[0.11387509458299705, 0.886124905417003]
675;0;0;[0.5966560943934311, 0.4033439056065688]
760;0;0;[0.5537739917386818, 0.4462260082613182]
1415;0;1;[0.4591760309944811, 0.5408239690055189]
728;0;0;[0.5671222224497632, 0.4328777775502369]
412;1;1;[0.10184200845422031, 0.8981579915457797]
825;1;0;[0.5812532886950628, 0.4187467113049373]
616;0;0;[0.6009104878317251, 0.3990895121682749]
114;0;1;[0.4589483981881798, 0.5410516018118202]
417;1;1;[0.10346366321877432, 0.8965363367812257]
1491;0;1;[0.44432523379224287, 0.5556747662077571]
969;1;0;[0.519317967575897, 0.48068203242410307]
604;0;0;[0.591684989068942, 0.408315010931058]
1497;0;1;[0.4403283754433389, 0.5596716245566611]
89;0;0;[0.8858622498790472, 0.1141377501209528]
848;0;0;[0.5707020303488084, 0.42929796965119155]
1196;1;1;[0.15930722961121913, 0.8406927703887809]
1496;0;1;[0.4409939958612038, 0.5590060041387962]
753;0;0;[0.5569145302730865, 0.4430854697269135]
498;1;1;[0.398857803099987, 0.601142196900013]
11;0;0;[0.9404746408314231, 0.05952535916857688]
396;1;1;[0.09651567870901834, 0.9034843212909817]
284;1;1;[0.0969184363238087, 0.9030815636761913]
1066;0;1;[0.3112745661767502, 0.6887254338232498]
690;0;0;[0.5912315071791303, 0.40876849282086974]
1286;1;1;[0.4043954929016431, 0.5956045070983569]
1466;1;1;[0.4595073787009316, 0.5404926212990684]
689;0;0;[0.5916777433421858, 0.4083222566578142]
851;0;0;[0.5694417079414913, 0.43055829205850876]
159;1;1;[0.13490232799889512, 0.8650976720011049]
895;1;0;[0.5550689630306599, 0.4449310369693401]
1251;0;1;[0.3934523929810404, 0.6065476070189596]
257;1;1;[0.08836038557990467, 0.9116396144200953]
335;1;1;[0.07732122224396587, 0.9226787777560341]
1470;0;1;[0.457078012216418, 0.542921987783582]
1039;1;1;[0.32322609238632083, 0.6767739076136792]
515;1;0;[0.6943233708559645, 0.3056766291440355]
1015;0;1;[0.43441497941190954, 0.5655850205880905]
768;0;0;[0.8488304036565779, 0.15116959634342209]
1375;1;1;[0.1959110901994976, 0.8040889098005024]
761;0;0;[0.8504808252127196, 0.14951917478728044]
1155;0;1;[0.17047653932200135, 0.8295234606779986]
521;0;0;[0.8346917417779245, 0.16530825822207554]
22;0;0;[0.9036801252999683, 0.09631987470003169]
356;1;1;[0.0829720890728366, 0.9170279109271634]
1330;1;1;[0.21087489343627452, 0.7891251065637255]
340;1;1;[0.07857542369246029, 0.9214245763075397]
431;0;1;[0.10489562047006729, 0.8951043795299327]
473;1;1;[0.12065647627416987, 0.8793435237258301]
217;1;1;[0.29107877843733676, 0.7089212215626632]
911;0;0;[0.5485211451899987, 0.4514788548100013]
1260;0;1;[0.3879522552214576, 0.6120477447785424]
1011;0;0;[0.6493328394822606, 0.35066716051773933]
1524;1;1;[0.24082619306571862, 0.7591738069342814]
93;0;1;[0.48084706766897634, 0.5191529323310237]
1008;0;1;[0.4428959067728748, 0.5571040932271252]
1070;0;1;[0.3102464535631443, 0.6897535464368557]
1092;1;1;[0.3251973837599407, 0.6748026162400593]
696;0;0;[0.588550956061586, 0.4114490439384139]
1404;0;1;[0.4663083804808126, 0.5336916195191874]
996;1;0;[0.5086847489962935, 0.49131525100370654]
153;0;1;[0.4138113466960708, 0.5861886533039292]
1099;1;1;[0.3219119506900161, 0.6780880493099839]
1358;1;1;[0.2011600775975939, 0.7988399224024061]
1565;1;1;[0.2234434930988921, 0.7765565069011079]
789;0;0;[0.8437006263556678, 0.1562993736443322]
580;0;0;[0.8547005391925622, 0.1452994608074378]
703;1;0;[0.5782183150959166, 0.42178168490408335]
1316;1;1;[0.38695375527879516, 0.6130462447212048]
487;1;1;[0.11611954040654471, 0.8838804595934553]
559;0;0;[0.8485037022571891, 0.15149629774281095]
1141;1;1;[0.30372395342953196, 0.696276046570468]
1119;1;1;[0.31293144916127613, 0.6870685508387239]
801;0;0;[0.8412000085305371, 0.15879999146946283]
512;0;0;[0.6847654051467131, 0.3152345948532868]
633;0;0;[0.6059016254412997, 0.39409837455870034]
1159;0;1;[0.16929740186005426, 0.8307025981399457]
1400;0;1;[0.46899758854149687, 0.5310024114585031]
1150;0;1;[0.1719596249704587, 0.8280403750295413]
790;0;0;[0.843444717414645, 0.15655528258535503]
116;1;0;[0.5633416270615165, 0.43665837293848353]
740;1;0;[0.5616739984645404, 0.43832600153545964]
1081;0;1;[0.30537255942361274, 0.6946274405763873]
830;1;0;[0.5788913090451479, 0.42110869095485215]
119;0;0;[0.8199836809064915, 0.18001631909350846]
656;0;0;[0.6045551745330475, 0.3954448254669525]
1488;0;1;[0.4463264011647804, 0.5536735988352196]
635;0;0;[0.6061317796882464, 0.39386822031175367]
369;1;1;[0.08854570463061706, 0.9114542953693829]
268;1;1;[0.047535540780714536, 0.9524644592192855]
655;0;0;[0.6049797429289299, 0.39502025707107014]
935;0;0;[0.5392370869706651, 0.46076291302933486]
822;1;0;[0.5826686979139131, 0.4173313020860869]
866;0;0;[0.5640400778338941, 0.43595992216610596]
46;0;0;[0.8280512007765513, 0.17194879922344877]
1349;1;1;[0.20429769544954512, 0.7957023045504549]
991;0;0;[0.5108265502438237, 0.48917344975617627]
876;0;0;[0.55982060632439, 0.44017939367561004]
773;0;0;[0.8476159025289601, 0.1523840974710399]
1567;1;1;[0.22257755704920634, 0.7774224429507937]
4;0;0;[0.9483111662413122, 0.05168883375868779]
1003;1;1;[0.26623193861030414, 0.7337680613896959]
1360;1;1;[0.20046774583439775, 0.7995322541656023]
263;1;1;[0.04672280737534362, 0.9532771926246564]
1237;0;1;[0.40108826697478084, 0.5989117330252192]
1432;0;1;[0.44908386558216784, 0.5509161344178322]
443;0;1;[0.10909066531397404, 0.890909334686026]
1002;1;1;[0.4450221314959355, 0.5549778685040645]
1077;0;1;[0.30712654522523775, 0.6928734547747623]
837;1;0;[0.5755784849526009, 0.42442151504739906]
1402;0;1;[0.46765274959782155, 0.5323472504021785]
304;1;1;[0.2064904756177186, 0.7935095243822814]
1227;0;1;[0.40695144910381176, 0.5930485508961882]
313;1;1;[0.07205515569134291, 0.9279448443086571]
149;0;0;[0.9786882243985747, 0.021311775601425248]
1148;0;1;[0.17255571515500956, 0.8274442848449904]
574;0;0;[0.8531242900206831, 0.14687570997931687]
50;1;1;[0.4943791921663264, 0.5056208078336736]
1343;1;1;[0.2062465877341847, 0.7937534122658153]
726;0;0;[0.5680287204926123, 0.4319712795073877]
833;1;0;[0.5774723787631627, 0.4225276212368373]
1115;1;1;[0.3147560779923383, 0.6852439220076617]
1166;0;1;[0.1672525251186845, 0.8327474748813155]
470;1;1;[0.11949658917957007, 0.8805034108204299]
971;1;0;[0.5184621430007222, 0.48153785699927776]
653;0;0;[0.6058284042097302, 0.39417159579026984]
399;1;1;[0.09744070840405561, 0.9025592915959444]
511;0;0;[0.6917437426811895, 0.30825625731881046]
320;1;1;[0.073643036293079, 0.926356963706921]
19;0;0;[0.7828391811681958, 0.21716081883180416]
684;0;0;[0.5938927344843918, 0.4061072655156082]
35;0;0;[0.9008991619330989, 0.09910083806690104]
902;1;0;[0.5523386088733753, 0.4476613911266248]
827;1;0;[0.5803089373859402, 0.4196910626140598]
1407;0;1;[0.46429275005450843, 0.5357072499454916]
407;1;1;[0.10024292902333254, 0.8997570709766675]
920;1;0;[0.5446979623731907, 0.4553020376268094]
537;0;0;[0.8423053159086207, 0.15769468409137938]
758;0;0;[0.5546717378103788, 0.4453282621896212]
1062;0;1;[0.3130705838868878, 0.6869294161131122]
1199;1;1;[0.15847301480755083, 0.8415269851924492]
245;0;1;[0.04400202794374497, 0.955997972056255]
1127;1;1;[0.30931224014456926, 0.6906877598554307]
784;0;0;[0.8449750612461981, 0.15502493875380183]
489;0;1;[0.34256600914523905, 0.657433990854761]
154;1;1;[0.4145560643766254, 0.5854439356233746]
961;0;0;[0.5227400823666519, 0.477259917633348]
853;0;0;[0.5686009918029146, 0.43139900819708543]
625;0;0;[0.6049805394288837, 0.39501946057111625]
685;0;0;[0.5934611704292829, 0.4065388295707171]
569;0;0;[0.8517999584808206, 0.1482000415191794]
1489;0;1;[0.4456591487846461, 0.5543408512153539]
17;0;0;[0.8745611869399195, 0.1254388130600806]
127;1;1;[0.0062448987878538365, 0.9937551012121462]
1540;1;1;[0.233618014740255, 0.766381985259745]
927;0;0;[0.5426422822962365, 0.45735771770376354]
980;1;0;[0.5146096640580212, 0.4853903359419788]
1536;1;1;[0.23541524097150435, 0.7645847590284957]
190;0;0;[0.7602596830599031, 0.23974031694009684]
1139;1;1;[0.3046433463489461, 0.6953566536510539]
992;0;0;[0.5103982192753114, 0.48960178072468863]
1529;1;1;[0.23866722871178214, 0.7613327712882179]
1308;1;1;[0.39192472431500236, 0.6080752756849976]
606;0;0;[0.593351821696499, 0.4066481783035009]
180;0;0;[0.7726266306067805, 0.22737336939321948]
301;0;1;[0.2044261959937167, 0.7955738040062833]
496;1;1;[0.11668502071439213, 0.8833149792856079]
1350;1;1;[0.20394728269838003, 0.79605271730162]
1313;0;1;[0.3888151711357003, 0.6111848288642997]
1293;0;1;[0.40031753818427884, 0.5996824618157212]
517;1;0;[0.8555142466649772, 0.14448575333502273]
1069;1;1;[0.3106941155931958, 0.6893058844068042]
476;1;1;[0.12182606404472296, 0.878173935955277]
157;1;1;[0.4167925488478469, 0.5832074511521531]
1243;0;1;[0.39739385478277245, 0.6026061452172276]
1195;1;1;[0.1595860910486555, 0.8404139089513445]
16;0;0;[0.9043548890710124, 0.0956451109289876]
1072;0;1;[0.3093521954171293, 0.6906478045828707]
1543;1;1;[0.23227858402154744, 0.7677214159784526]
546;0;0;[0.8449507784448702, 0.15504922155512982]
658;0;0;[0.6037055651381055, 0.39629443486189453]
1386;1;1;[0.1922393504144998, 0.8077606495855002]
1019;0;0;[0.6870426347499805, 0.3129573652500195]
1314;0;1;[0.38819433589832053, 0.6118056641016795]
959;1;0;[0.5233583728404869, 0.4766416271595131]
1472;0;1;[0.4557380178240509, 0.5442619821759491]
283;1;1;[0.09659144761096983, 0.9034085523890302]
797;0;0;[0.8416437922335005, 0.1583562077664995]
225;0;1;[0.29237349758119824, 0.7076265024188018]
26;0;0;[0.7114080494861654, 0.28859195051383457]
437;0;1;[0.10697504387676304, 0.893024956123237]
1523;1;1;[0.24129615769972657, 0.7587038423002734]
229;1;1;[0.291585389857975, 0.708414610142025]
37;1;0;[0.530210408838417, 0.46978959116158303]
749;0;0;[0.5587091968191578, 0.4412908031808422]
1045;1;1;[0.3204876052299458, 0.6795123947700542]
469;1;1;[0.11911210701926767, 0.8808878929807323]
1538;1;1;[0.2345139466342564, 0.7654860533657436]
1539;1;1;[0.23406568301735586, 0.7659343169826441]
687;0;0;[0.5925697617644294, 0.4074302382355706]
1441;0;1;[0.4430784378795981, 0.5569215621204019]
639;0;0;[0.6065919468269084, 0.3934080531730916]
1353;1;1;[0.20289872773377093, 0.7971012722662291]
1218;0;1;[0.4125393892352601, 0.5874606107647399]
1158;0;1;[0.16959157608936126, 0.8304084239106387]
1307;1;1;[0.39156746347829996, 0.6084325365217]
1426;0;1;[0.45180859236894366, 0.5481914076310563]
800;0;0;[0.8408668335009731, 0.15913316649902684]
160;1;1;[0.13524653419964827, 0.8647534658003517]
956;1;0;[0.5246409823731866, 0.4753590176268134]
1186;1;1;[0.16167672255494014, 0.8383232774450599]
821;0;0;[0.5831401996577015, 0.41685980034229847]
1329;1;1;[0.2112340504834722, 0.7887659495165278]
877;0;0;[0.5593981729729033, 0.4406018270270967]
913;0;0;[0.5476720276961533, 0.45232797230384664]
152;0;1;[0.4130670229226471, 0.5869329770773529]
1436;0;1;[0.4464128472639244, 0.5535871527360756]
509;0;0;[0.8558367166216498, 0.14416328337835022]
1135;1;1;[0.30648681256676824, 0.6935131874332318]
1250;1;1;[0.3940652183267107, 0.6059347816732893]
1315;0;1;[0.38757386334631827, 0.6124261366536817]
103;1;1;[0.4621184233090685, 0.5378815766909315]
586;0;0;[0.5711823630640896, 0.42881763693591035]
1388;0;1;[0.47707540157424144, 0.5229245984257586]
1143;1;1;[0.3028061268952854, 0.6971938731047146]
53;0;0;[0.8918146112182975, 0.10818538878170247]
151;0;1;[0.41232309624707264, 0.5876769037529274]
403;1;1;[0.09868637928271529, 0.9013136207172847]
1520;1;1;[0.24270980069104708, 0.7572901993089529]
207;0;1;[0.28832905530553143, 0.7116709446944686]
1480;1;1;[0.450384635929689, 0.549615364070311]
1122;1;1;[0.31156676533001704, 0.688433234669983]
1377;1;1;[0.19524077491622882, 0.8047592250837712]
8;0;0;[0.8968389606240156, 0.1031610393759844]
1014;0;0;[0.6483033264005214, 0.35169667359947865]
1406;0;1;[0.4649645005422096, 0.5350354994577904]
1060;0;1;[0.3139707044544626, 0.6860292955455374]
452;1;1;[0.11240642951042568, 0.8875935704895743]
253;1;1;[0.04519208724788126, 0.9548079127521187]
896;1;0;[0.5546455972824887, 0.44535440271751126]
1566;1;1;[0.22301022540968674, 0.7769897745903133]
880;0;0;[0.5581303591285003, 0.44186964087149966]
1476;1;1;[0.45305996967542794, 0.5469400303245721]
623;0;0;[0.6047501511331823, 0.39524984886681774]
345;1;1;[0.08009733617179349, 0.9199026638282065]
1345;1;1;[0.20554125409589796, 0.794458745904102]
262;1;1;[0.08987900804032689, 0.9101209919596731]
1321;0;1;[0.3838587448538423, 0.6161412551461577]
150;0;0;[0.9786848191959747, 0.021315180804025332]
472;1;1;[0.12026877191002117, 0.8797312280899788]
640;1;0;[0.606706959095195, 0.393293040904805]
1552;1;1;[0.2291304567150636, 0.7708695432849364]
1473;0;1;[0.45506825963240205, 0.544931740367598]
550;0;0;[0.8460511741352672, 0.15394882586473285]
928;0;0;[0.542216844114106, 0.457783155885894]
488;0;1;[0.11330032781119048, 0.8866996721888095]
1419;0;1;[0.45649472496509425, 0.5435052750349058]
1171;1;1;[0.16595168878681676, 0.8340483112131832]
146;0;0;[0.9786984368137726, 0.02130156318622743]
402;1;1;[0.09837363848760672, 0.9016263615123933]
954;1;0;[0.5254958758784691, 0.4745041241215308]
1468;0;1;[0.4584186280347312, 0.5415813719652688]
659;1;0;[0.6032805253049489, 0.3967194746950511]
463;1;1;[0.11648550591090134, 0.8835144940890987]
186;0;0;[0.7401762180139886, 0.25982378198601147]
1147;1;1;[0.3009751914861226, 0.6990248085138774]
1224;0;1;[0.40881149798175087, 0.5911885020182491]
608;0;0;[0.5950165072556228, 0.40498349274437717]
143;0;0;[0.9787086444417333, 0.021291355558266677]
751;0;0;[0.5578110032052515, 0.4421889967947486]
981;0;0;[0.5151088819350482, 0.4848911180649517]
197;1;1;[0.28504969857942475, 0.7149503014205753]
883;1;0;[0.5601429473885402, 0.43985705261145985]
279;1;1;[0.04930495431169801, 0.950695045688302]
293;0;1;[0.1001383180004013, 0.8998616819995987]
1427;0;1;[0.45113982222262783, 0.5488601777773722]
400;1;1;[0.09775080486021881, 0.9022491951397812]
122;1;0;[0.5162904475485398, 0.4837095524514602]
1207;1;1;[0.1562657760988082, 0.8437342239011918]
202;1;1;[0.28668657250021434, 0.7133134274997857]
835;1;0;[0.5765257129268356, 0.42347428707316437]
246;1;1;[0.04414913438194501, 0.955850865618055]
1485;1;1;[0.44704451694382097, 0.552955483056179]
1471;0;1;[0.4564079361474631, 0.5435920638525369]
1153;0;1;[0.17106855057004922, 0.8289314494299508]
384;0;1;[0.09286281709646393, 0.9071371829035361]
1381;1;1;[0.19390535921270224, 0.8060946407872978]
854;0;0;[0.5681804851193486, 0.4318195148806514]
219;0;1;[0.2914913994295786, 0.7085086005704214]
641;1;0;[0.6109068150109145, 0.38909318498908546]
1;0;0;[0.91833592058273, 0.08166407941727001]
112;0;0;[0.5552025469473314, 0.4447974530526686]
698;0;0;[0.5876562615809247, 0.4123437384190753]
1494;0;1;[0.44232587085699915, 0.5576741291430009]
951;1;0;[0.5267779343974623, 0.47322206560253766]
1376;0;1;[0.1955757151990456, 0.8044242848009544]
1291;0;1;[0.4015728982356762, 0.5984271017643238]
1416;0;1;[0.45850547669959985, 0.5414945233004002]
441;1;1;[0.10838140955463882, 0.8916185904453612]
1136;1;1;[0.3060253624442778, 0.6939746375557222]
1256;0;1;[0.3903933284295641, 0.6096066715704359]
663;0;0;[0.6017750006287708, 0.3982249993712293]
1435;0;1;[0.4470803179914522, 0.5529196820085478]
1257;0;1;[0.38978254008904056, 0.6102174599109594]
1391;0;1;[0.4750546576942667, 0.5249453423057333]
317;1;1;[0.07295525846734319, 0.9270447415326568]
648;0;0;[0.6079472565675996, 0.39205274343240043]
709;0;0;[0.5755136967376742, 0.42448630326232584]
1382;1;1;[0.19357259119137393, 0.8064274088086261]
1282;1;1;[0.4069157309233311, 0.5930842690766689]
972;1;0;[0.5180341897725402, 0.48196581022745977]
627;0;0;[0.60521088110034, 0.39478911889966]
632;0;0;[0.6057865306888811, 0.3942134693111189]
1306;1;1;[0.39219023517905016, 0.6078097648209498]
1248;0;1;[0.3952918675109911, 0.6047081324890089]
1527;1;1;[0.2394200524950465, 0.7605799475049535]
1254;0;1;[0.391615934868349, 0.608384065131651]
1371;1;1;[0.19725693903868813, 0.8027430609613119]
1354;1;1;[0.20255010369145765, 0.7974498963085423]
1504;0;1;[0.43567516794294814, 0.5643248320570519]
1446;0;1;[0.4397491500570898, 0.5602508499429102]
795;0;0;[0.8421600518711718, 0.1578399481288282]
645;0;0;[0.6092166243385246, 0.3907833756614754]
1012;0;1;[0.4360078386639058, 0.5639921613360942]
556;0;0;[0.8476897790088177, 0.15231022099118233]
681;0;0;[0.5951773061759159, 0.4048226938240841]
577;0;0;[0.8539141768392746, 0.14608582316072533]
1109;1;1;[0.3175145659842382, 0.6824854340157618]
1266;0;1;[0.38430119982052635, 0.6156988001794736]
1183;1;1;[0.16252454487142087, 0.8374754551285791]
524;0;0;[0.8365111216042099, 0.1634888783957901]
1059;0;1;[0.3144212906659203, 0.6855787093340797]
540;0;0;[0.8431426886039162, 0.1568573113960838]
1194;1;1;[0.15986534779915507, 0.8401346522008449]
748;0;0;[0.559164464221976, 0.4408355357780241]
1449;1;1;[0.47092852801327034, 0.5290714719867297]
484;1;1;[0.1249927759136612, 0.8750072240863388]
95;0;0;[0.5005755437262491, 0.4994244562737509]
1020;1;0;[0.7118080733746036, 0.2881919266253964]
563;0;0;[0.8501977580574169, 0.14980224194258313]
1264;0;1;[0.3855167929033082, 0.6144832070966918]
742;0;0;[0.5618939536765657, 0.43810604632343425]
863;0;0;[0.5653041416974094, 0.43469585830259067]
891;1;0;[0.5567616208515265, 0.4432383791484735]
1038;1;1;[0.3236836941801572, 0.6763163058198428]
206;1;1;[0.28800011118726765, 0.7119998888127324]
392;1;1;[0.09529778739182371, 0.9047022126081763]
794;0;0;[0.8424176684201616, 0.1575823315798383]
870;0;0;[0.5623533666065376, 0.43764663339346244]
397;1;1;[0.0968231471422557, 0.9031768528577443]
766;0;0;[0.8493139719488834, 0.1506860280511167]
1439;0;1;[0.44441160340369623, 0.5555883965963038]
1241;0;1;[0.3986240489531788, 0.6013759510468212]
1028;1;1;[0.3282781732439317, 0.6717218267560683]
642;1;0;[0.6104845154500178, 0.3895154845499822]
612;0;0;[0.5982445338509282, 0.40175546614907176]
960;1;0;[0.5229307670177141, 0.4770692329822859]
725;0;0;[0.568481799096122, 0.4315182009038781]
683;0;0;[0.5943210687503544, 0.4056789312496456]
98;1;1;[0.3995900224094592, 0.6004099775905408]
804;0;0;[0.8404212852572363, 0.15957871474276375]
406;1;1;[0.09992580234437187, 0.9000741976556281]
502;0;1;[0.40312085116592244, 0.5968791488340776]
1071;0;1;[0.3097991466529818, 0.6902008533470182]
1056;0;1;[0.3157751460794027, 0.6842248539205973]
929;0;0;[0.5417913443549465, 0.4582086556450535]
779;1;0;[0.8461479500937392, 0.1538520499062608]
200;1;1;[0.28603114852874223, 0.7139688514712578]
134;0;0;[0.9886548081402854, 0.011345191859714663]
1051;0;1;[0.3180385259740883, 0.6819614740259117]
40;0;0;[0.8284864964627123, 0.17151350353728773]
1017;0;0;[0.6480837456325114, 0.35191625436748863]
230;1;1;[0.2913885583468615, 0.7086114416531385]
378;1;1;[0.09111374698494223, 0.9088862530150578]
288;1;1;[0.09846510514361018, 0.9015348948563898]
418;1;1;[0.1037907230084617, 0.8962092769915383]
391;1;1;[0.09499730506430792, 0.9050026949356921]
592;0;0;[0.5788215121949636, 0.4211784878050364]
1162;0;1;[0.16841731691685136, 0.8315826830831486]
1086;0;1;[0.3031879945114069, 0.6968120054885931]
647;0;0;[0.6083705422776791, 0.3916294577223209]
1152;0;1;[0.17136516750716568, 0.8286348324928343]
1367;1;1;[0.19807356763708384, 0.8019264323629162]
520;1;0;[0.6905955405907303, 0.3094044594092697]
64;0;0;[0.8396929124451024, 0.16030708755489764]
14;0;0;[0.7382658523091412, 0.26173414769085884]
1180;1;1;[0.16337594667292787, 0.8366240533270721]
1064;0;1;[0.3121718696115937, 0.6878281303884063]
492;1;1;[0.11483999702650094, 0.8851600029734991]
379;1;1;[0.09140318602799458, 0.9085968139720054]
187;1;0;[0.6748062866126432, 0.32519371338735675]
763;0;0;[0.8500369377539101, 0.14996306224608988]
216;0;1;[0.29087259709074553, 0.7091274029092545]
791;0;0;[0.843188467349893, 0.15681153265010708]
1076;0;1;[0.30756795821998295, 0.692432041780017]
878;0;0;[0.5589756535932682, 0.4410243464067319]
337;1;1;[0.07782068673305642, 0.9221793132669436]
719;1;0;[0.5709960100041309, 0.42900398999586903]
295;0;1;[0.05213939624674735, 0.9478606037532527]
1016;0;0;[0.6117189691532353, 0.3882810308467647]
1275;1;1;[0.4112807720499323, 0.5887192279500677]
455;1;1;[0.11350636802930758, 0.8864936319706924]
1564;1;1;[0.22387736000758918, 0.7761226399924108]
815;0;0;[0.8375394848799673, 0.16246051512003265]
269;1;1;[0.047693871020102585, 0.9523061289798974]
995;1;0;[0.5091131372696553, 0.4908868627303446]
201;0;1;[0.28635874824044805, 0.713641251759552]
161;0;1;[0.3193479803955329, 0.6806520196044671]
729;0;0;[0.5666688044714814, 0.4333311955285187]
401;1;1;[0.09806178095064333, 0.9019382190493567]
702;1;0;[0.5786686335819178, 0.4213313664180822]
1129;1;1;[0.30918439676772913, 0.6908156032322709]
565;0;0;[0.8507334043535522, 0.14926659564644779]
1413;0;1;[0.4605175807902394, 0.5394824192097606]
1021;1;0;[0.5441354415575979, 0.4558645584424022]
1025;0;0;[0.685877514700167, 0.31412248529983294]
1411;0;1;[0.46185970286664246, 0.5381402971333575]
1104;1;1;[0.3195759253241054, 0.6804240746758946]
205;0;1;[0.2876713906536654, 0.7123286093463346]
34;0;0;[0.9346796382138381, 0.06532036178616182]
775;0;0;[0.8471278657871351, 0.15287213421286489]
508;0;1;[0.41008531816179683, 0.5899146818382032]
1451;1;1;[0.46958304863152367, 0.5304169513684763]
1478;0;1;[0.45172195400491355, 0.5482780459950864]
1542;1;1;[0.23272446503923794, 0.7672755349607621]
1390;0;1;[0.4757281515045598, 0.5242718484954402]
91;0;1;[0.49313499418240203, 0.506865005817598]
1363;1;1;[0.1994325984617562, 0.8005674015382438]
897;1;0;[0.5542221522154236, 0.4457778477845764]
564;0;0;[0.850465778877034, 0.14953422112296602]
1369;1;1;[0.1979324738740348, 0.8020675261259652]
776;0;0;[0.8468833674302222, 0.15311663256977778]
241;1;1;[0.28922858578971145, 0.7107714142102886]
13;0;0;[0.7831657959665936, 0.21683420403340642]
315;1;1;[0.07250380475042018, 0.9274961952495798]
600;0;0;[0.587711236412329, 0.41228876358767097]
387;1;1;[0.09380384080847148, 0.9061961591915285]
1297;1;1;[0.3978107553271394, 0.6021892446728606]
166;1;0;[0.6052565650347828, 0.3947434349652173]
840;1;0;[0.5741566034912238, 0.4258433965087762]
20;1;0;[0.7384228986090655, 0.26157710139093454]
646;0;0;[0.608793665059007, 0.391206334940993]
1508;0;1;[0.24845627015037886, 0.7515437298496211]
1154;0;1;[0.17077234123960316, 0.8292276587603968]
831;1;0;[0.5784184758474407, 0.4215815241525594]
1267;0;1;[0.38369394370534626, 0.6163060562946537]
562;0;0;[0.8499293416137014, 0.1500706583862986]
1526;1;1;[0.23988814016776527, 0.7601118598322347]
686;0;0;[0.5930155426574552, 0.40698445734254485]
957;1;0;[0.5242134811420618, 0.47578651885793827]
189;1;0;[0.6034644882035707, 0.39653551179642926]
975;1;0;[0.5167501738402035, 0.4832498261597965]
699;0;0;[0.5872086966778927, 0.4127913033221073]
1499;0;1;[0.4389977803904377, 0.5610022196095623]
510;1;0;[0.6834364389103824, 0.3165635610896176]
1082;0;1;[0.304934940986202, 0.695065059013798]
474;1;1;[0.12104525849383085, 0.8789547415061691]
856;0;0;[0.567339177439045, 0.4326608225609549]
747;0;0;[0.5596196321500153, 0.44038036784998463]
252;1;1;[0.04504166941125265, 0.9549583305887474]
21;1;0;[0.6956091802905937, 0.30439081970940624]
1337;1;1;[0.20837332892645177, 0.7916266710735482]
459;1;1;[0.11498754271760347, 0.8850124572823965]
1184;1;1;[0.16224154001210922, 0.8377584599878908]
276;1;1;[0.048816286010064935, 0.9511837139899351]
955;1;0;[0.5250684474930949, 0.47493155250690516]
1215;0;1;[0.41440713163897636, 0.5855928683610236]
385;1;1;[0.09321216292927659, 0.9067878370707234]
805;0;0;[0.8401610242580334, 0.15983897574196657]
1437;0;1;[0.4457455696917473, 0.5542544303082527]
1515;1;1;[0.24507835023670077, 0.7549216497632992]
343;1;1;[0.07933685066866536, 0.9206631493313346]
769;0;0;[0.8485881415860771, 0.1514118584139229]
1332;1;1;[0.21015792239207953, 0.7898420776079205]
130;0;0;[0.9804243326934896, 0.019575667306510357]
871;0;0;[0.5619314618829078, 0.43806853811709223]
1123;1;1;[0.31111259535460023, 0.6888874046453998]
1396;0;1;[0.4716885983668072, 0.5283114016331928]
87;0;0;[0.937656946708778, 0.06234305329122202]
1482;1;1;[0.44904803439442775, 0.5509519656055722]
330;1;1;[0.07608538698560385, 0.9239146130143961]
1238;0;1;[0.400471738216288, 0.599528261783712]
466;1;1;[0.1179650745148747, 0.8820349254851253]
121;0;0;[0.5698875446630982, 0.43011245533690173]
1044;1;1;[0.32094316861223504, 0.679056831387765]
1095;1;1;[0.32378721057973614, 0.6762127894202639]
1130;1;1;[0.3087496632131064, 0.6912503367868936]
1294;1;1;[0.399690347488904, 0.600309652511096]
860;0;0;[0.5656554011871249, 0.43434459881287507]
1459;1;1;[0.4642057449254382, 0.5357942550745618]
1126;1;1;[0.30975226750563656, 0.6902477324943634]
